date,y_true,y_pred
2016-04-30 08:40:00,320,437.9197974798886
2016-04-30 08:50:00,310,211.35551675556212
2016-04-30 09:00:00,260,271.32553775544534
2016-04-30 09:10:00,190,214.25761261079805
2016-04-30 09:20:00,150,171.6418287594198
2016-04-30 09:30:00,130,143.86541693550348
2016-04-30 09:40:00,290,146.77731952651482
2016-04-30 09:50:00,490,273.0633542062873
2016-04-30 10:00:00,840,406.5426664471022
2016-04-30 10:10:00,700,658.8897566223036
2016-04-30 10:20:00,430,515.6822734951799
2016-04-30 10:30:00,300,354.8518941294858
2016-04-30 10:40:00,310,289.3151453763992
2016-04-30 10:50:00,290,297.76049332667867
2016-04-30 11:00:00,300,259.6306023957526
2016-04-30 11:10:00,240,277.843791092282
2016-04-30 11:20:00,160,242.4464728799765
2016-04-30 11:30:00,90,199.86724441558792
2016-04-30 11:40:00,70,165.61558985187656
2016-04-30 11:50:00,80,146.5314440410348
2016-04-30 12:00:00,80,148.3163777872391
2016-04-30 12:10:00,80,130.42762128852274
2016-04-30 12:20:00,570,116.88694563385403
2016-04-30 12:30:00,610,489.4344729205485
2016-04-30 12:40:00,330,431.80131921713723
2016-04-30 12:50:00,350,240.7590293194901
2016-04-30 13:00:00,260,318.0979701590195
2016-04-30 13:10:00,270,241.26389399408504
2016-04-30 13:20:00,210,237.0583454656572
2016-04-30 13:30:00,100,184.30826303817818
2016-04-30 13:40:00,100,128.43628703318495
2016-04-30 13:50:00,90,146.13740512107034
2016-04-30 14:00:00,100,139.2063974163829
2016-04-30 14:10:00,110,148.57210997184367
2016-04-30 14:20:00,100,156.97851491937865
2016-04-30 14:30:00,80,142.17032726156611
2016-04-30 14:40:00,90,125.97600640279211
2016-04-30 14:50:00,90,124.33129611373177
2016-04-30 15:00:00,80,115.50058796715192
2016-04-30 15:10:00,90,101.64698562852105
2016-04-30 15:20:00,90,108.89261156975137
2016-04-30 15:30:00,250,104.60432335379171
2016-04-30 15:40:00,390,228.90428327292145
2016-04-30 15:50:00,190,317.0751194352566
2016-04-30 16:00:00,100,141.6287443702888
2016-04-30 16:10:00,280,120.47149038865032
2016-04-30 16:20:00,560,263.6427977895735
2016-04-30 16:30:00,600,429.7277153389342
2016-04-30 16:40:00,290,416.6127635051316
2016-04-30 16:50:00,90,192.1065655929144
2016-04-30 17:00:00,370,113.76449431352638
2016-04-30 17:10:00,670,345.9507411329559
2016-04-30 17:20:00,230,508.53824589887677
2016-04-30 17:30:00,160,135.82329500117999
2016-04-30 17:40:00,90,201.76660435355757
2016-04-30 17:50:00,70,141.3409758219442
2016-04-30 18:00:00,70,125.8510027668724
2016-04-30 18:10:00,70,101.77134072253688
2016-04-30 18:20:00,70,117.3103557422542
2016-04-30 18:30:00,70,109.71373009375061
2016-04-30 18:40:00,70,101.71501775234124
2016-04-30 18:50:00,70,98.25374385351924
2016-04-30 19:00:00,70,94.31853767713834
2016-04-30 19:10:00,80,87.87859101570461
2016-04-30 19:20:00,60,82.3097984495634
2016-04-30 19:30:00,50,70.45512155945707
2016-04-30 19:40:00,60,56.27711139875822
2016-04-30 19:50:00,40,64.90942064125652
2016-04-30 20:00:00,70,43.062980541417915
2016-04-30 20:10:00,70,70.32010701876732
2016-04-30 20:20:00,60,64.02602318809899
2016-04-30 20:30:00,80,58.82084454628168
2016-04-30 20:40:00,70,76.36671884475952
2016-04-30 20:50:00,80,65.63007092537039
2016-04-30 21:00:00,70,69.7607472550379
2016-04-30 21:10:00,70,60.19629529408805
2016-04-30 21:20:00,70,63.37466301196913
2016-04-30 21:30:00,70,62.3447709969773
2016-04-30 21:40:00,70,62.869903655954815
2016-04-30 21:50:00,70,62.9137738887054
2016-04-30 22:00:00,60,59.56441901727341
2016-04-30 22:10:00,70,51.79795763153743
2016-04-30 22:20:00,80,61.52102017972193
2016-04-30 22:30:00,110,75.56098444915173
2016-04-30 22:40:00,70,88.80684212962547
2016-04-30 22:50:00,50,53.979557179902976
2016-04-30 23:00:00,50,45.06814879739818
2016-04-30 23:10:00,40,46.30480901770742
2016-04-30 23:20:00,20,37.941404066223164
2016-04-30 23:30:00,40,23.80321149331047
2016-04-30 23:40:00,30,43.80973629356865
2016-04-30 23:50:00,70,31.22638183845062
2016-05-01 00:00:00,50,66.90057535146022
2016-05-01 00:10:00,60,44.94100679085997
2016-05-01 00:20:00,50,60.94092480637053
2016-05-01 00:30:00,50,49.8444966522361
2016-05-01 00:40:00,60,52.4591268709586
2016-05-01 00:50:00,40,57.502388505143855
2016-05-01 01:00:00,60,38.94525724808625
2016-05-01 01:10:00,50,58.79069939896203
2016-05-01 01:20:00,60,47.31720161643526
2016-05-01 01:30:00,50,59.79672868497064
2016-05-01 01:40:00,60,50.6705758763118
2016-05-01 01:50:00,50,62.784638602796406
2016-05-01 02:00:00,40,48.8249874888074
2016-05-01 02:10:00,50,44.773182880340414
2016-05-01 02:20:00,40,53.86438575285645
2016-05-01 02:30:00,50,43.797510379990115
2016-05-01 02:40:00,50,53.492655139080135
2016-05-01 02:50:00,60,51.37120391427772
2016-05-01 03:00:00,50,59.29619805481465
2016-05-01 03:10:00,60,50.0320285675298
2016-05-01 03:20:00,40,60.67427654316345
2016-05-01 03:30:00,20,42.022640093394735
2016-05-01 03:40:00,40,30.802124623134517
2016-05-01 03:50:00,40,47.79726487955331
2016-05-01 04:00:00,50,42.14567363731545
2016-05-01 04:10:00,50,50.86222677633014
2016-05-01 04:20:00,60,50.11678648536723
2016-05-01 04:30:00,50,59.574550886072046
2016-05-01 04:40:00,60,48.86090868995085
2016-05-01 04:50:00,50,58.74843808854603
2016-05-01 05:00:00,50,48.910906533396066
2016-05-01 05:10:00,50,51.85440342473307
2016-05-01 05:20:00,50,51.497343495682955
2016-05-01 05:30:00,50,52.296139541293925
2016-05-01 05:40:00,60,51.964027936603465
2016-05-01 05:50:00,50,60.15969461953131
2016-05-01 06:00:00,60,52.89309079095003
2016-05-01 06:10:00,60,63.37514890607836
2016-05-01 06:20:00,50,61.61445201618343
2016-05-01 06:30:00,50,54.17103207155394
2016-05-01 06:40:00,50,56.72299014065257
2016-05-01 06:50:00,50,55.64043650728122
2016-05-01 07:00:00,50,58.58533851855856
2016-05-01 07:10:00,60,58.72962809381587
2016-05-01 07:20:00,60,67.03456232737122
2016-05-01 07:30:00,80,64.64844600469584
2016-05-01 07:40:00,50,78.10372529388296
2016-05-01 07:50:00,50,49.45848198225375
2016-05-01 08:00:00,60,60.749093896947045
2016-05-01 08:10:00,60,73.91321591022255
2016-05-01 08:20:00,60,64.39349237006768
2016-05-01 08:30:00,60,63.975729631871616
2016-05-01 08:40:00,70,66.10411047571732
2016-05-01 08:50:00,200,73.8366880230598
2016-05-01 09:00:00,160,177.2052351819768
2016-05-01 09:10:00,50,124.74467323494567
2016-05-01 09:20:00,160,58.54934762010097
2016-05-01 09:30:00,60,164.31807776991224
2016-05-01 09:40:00,60,60.21116652113627
2016-05-01 09:50:00,50,79.83040548099237
2016-05-01 10:00:00,40,72.70246585995164
2016-05-01 10:10:00,60,70.76600149486346
2016-05-01 10:20:00,60,81.81262835959589
2016-05-01 10:30:00,60,80.40801039508547
2016-05-01 10:40:00,70,80.45653954259937
2016-05-01 10:50:00,90,81.78682085435321
2016-05-01 11:00:00,80,85.90425167310555
2016-05-01 11:10:00,80,73.93321943952743
2016-05-01 11:20:00,90,79.35231912928802
2016-05-01 11:30:00,100,86.88377558252901
2016-05-01 11:40:00,100,92.26938708127862
2016-05-01 11:50:00,100,91.07417142542302
2016-05-01 12:00:00,90,97.7588500238187
2016-05-01 12:10:00,100,91.84676482196402
2016-05-01 12:20:00,90,101.76687708356056
2016-05-01 12:30:00,100,91.43105459605987
2016-05-01 12:40:00,90,100.66105109507355
2016-05-01 12:50:00,110,89.71159407241831
2016-05-01 13:00:00,90,112.27206762350048
2016-05-01 13:10:00,100,91.49799588965224
2016-05-01 13:20:00,90,105.24381067581939
2016-05-01 13:30:00,70,94.48819059427396
2016-05-01 13:40:00,60,82.70640766517405
2016-05-01 13:50:00,60,79.00272171829003
2016-05-01 14:00:00,80,82.25922078517583
2016-05-01 14:10:00,80,96.82228006242768
2016-05-01 14:20:00,120,92.98244456807757
2016-05-01 14:30:00,120,123.1380254133466
2016-05-01 14:40:00,110,115.45031674393937
2016-05-01 14:50:00,140,111.41734469167127
2016-05-01 15:00:00,110,136.15568357738127
2016-05-01 15:10:00,110,107.68621089191497
2016-05-01 15:20:00,110,113.68689989912316
2016-05-01 15:30:00,120,111.11520723004627
2016-05-01 15:40:00,100,120.15252258512986
2016-05-01 15:50:00,80,101.50330214508946
2016-05-01 16:00:00,100,92.37228927848597
2016-05-01 16:10:00,270,111.03484797047804
2016-05-01 16:20:00,250,236.17598606331592
2016-05-01 16:30:00,110,180.49549952823057
2016-05-01 16:40:00,130,82.9229035662253
2016-05-01 16:50:00,430,124.20127347415786
2016-05-01 17:00:00,300,347.6780383802051
2016-05-01 17:10:00,270,191.35688112706242
2016-05-01 17:20:00,240,218.62992197685503
2016-05-01 17:30:00,220,205.74326459844235
2016-05-01 17:40:00,360,195.95318553110675
2016-05-01 17:50:00,430,294.6680829291249
2016-05-01 18:00:00,450,327.7317532247233
2016-05-01 18:10:00,440,343.1669475963621
2016-05-01 18:20:00,410,340.3795861917367
2016-05-01 18:30:00,100,325.5102722332502
2016-05-01 18:40:00,120,92.61336218485089
2016-05-01 18:50:00,110,166.76126834757287
2016-05-01 19:00:00,120,127.69510333012175
2016-05-01 19:10:00,120,144.06819686870966
2016-05-01 19:20:00,100,131.57659435693247
2016-05-01 19:30:00,170,124.62414779341898
2016-05-01 19:40:00,100,179.66343688710978
2016-05-01 19:50:00,90,107.35048539254072
2016-05-01 20:00:00,90,105.53919150838082
2016-05-01 20:10:00,90,95.98561563960344
2016-05-01 20:20:00,120,89.6037353308938
2016-05-01 20:30:00,120,102.60715151713923
2016-05-01 20:40:00,110,101.26707453755432
2016-05-01 20:50:00,110,95.49442035688448
2016-05-01 21:00:00,100,92.5336961750091
2016-05-01 21:10:00,100,94.11635825046494
2016-05-01 21:20:00,70,86.400566268391
2016-05-01 21:30:00,80,63.709679618348936
2016-05-01 21:40:00,80,77.61223837101323
2016-05-01 21:50:00,80,72.93912106599082
2016-05-01 22:00:00,80,70.28687234978877
2016-05-01 22:10:00,90,70.97444044181225
2016-05-01 22:20:00,80,80.85691222103615
2016-05-01 22:30:00,70,70.66760790240058
2016-05-01 22:40:00,60,65.76058293194339
2016-05-01 22:50:00,40,59.78477720468678
2016-05-01 23:00:00,40,40.84759680039026
2016-05-01 23:10:00,30,42.99578084489642
2016-05-01 23:20:00,50,34.39181521692639
2016-05-01 23:30:00,60,51.432850686333964
2016-05-01 23:40:00,60,55.24197248401187
2016-05-01 23:50:00,50,55.08486048921339
2016-05-02 00:00:00,50,55.90393032873474
2016-05-02 00:10:00,50,58.38636640208149
2016-05-02 00:20:00,60,56.50931801346337
2016-05-02 00:30:00,50,63.67802845159331
2016-05-02 00:40:00,60,54.69519094536679
2016-05-02 00:50:00,60,64.87979339824463
2016-05-02 01:00:00,60,59.88859124244262
2016-05-02 01:10:00,50,61.67718534800646
2016-05-02 01:20:00,50,54.38385864333927
2016-05-02 01:30:00,50,58.323726578596336
2016-05-02 01:40:00,50,57.065319596618764
2016-05-02 01:50:00,50,57.285136331133586
2016-05-02 02:00:00,20,55.36109626700902
2016-05-02 02:10:00,40,32.40067591293314
2016-05-02 02:20:00,30,53.24101856815037
2016-05-02 02:30:00,50,39.706992927911685
2016-05-02 02:40:00,60,57.58910008323017
2016-05-02 02:50:00,40,61.111393718801345
2016-05-02 03:00:00,50,44.656375923369794
2016-05-02 03:10:00,50,55.55645035074534
2016-05-02 03:20:00,50,52.814753584835294
2016-05-02 03:30:00,60,53.707557587868024
2016-05-02 03:40:00,60,60.84400438411019
2016-05-02 03:50:00,50,59.87059851867298
2016-05-02 04:00:00,50,52.709270953533746
2016-05-02 04:10:00,50,55.77787402748693
2016-05-02 04:20:00,50,55.88868675405655
2016-05-02 04:30:00,50,55.335085833401926
2016-05-02 04:40:00,60,55.89648978223752
2016-05-02 04:50:00,50,63.70502102788706
2016-05-02 05:00:00,70,55.72998279654371
2016-05-02 05:10:00,70,73.82740330024443
2016-05-02 05:20:00,40,77.3979089104414
2016-05-02 05:30:00,40,47.1643043924647
2016-05-02 05:40:00,230,52.34710056226224
2016-05-02 05:50:00,170,198.1609492662817
2016-05-02 06:00:00,60,119.20794840304687
2016-05-02 06:10:00,70,58.80997780847528
2016-05-02 06:20:00,90,86.30060732216324
2016-05-02 06:30:00,80,93.80183668013635
2016-05-02 06:40:00,80,73.93124331587067
2016-05-02 06:50:00,80,79.77741701993881
2016-05-02 07:00:00,80,86.75099641196549
2016-05-02 07:10:00,80,84.60757826447741
2016-05-02 07:20:00,70,81.1530758017732
2016-05-02 07:30:00,80,73.10383900851886
2016-05-02 07:40:00,340,81.36286005444757
2016-05-02 07:50:00,370,277.0870997817616
2016-05-02 08:00:00,80,257.1999962646835
2016-05-02 08:10:00,50,46.84974541317206
2016-05-02 08:20:00,50,83.40764762535329
2016-05-02 08:30:00,40,72.93104153599032
2016-05-02 08:40:00,50,50.0241253413821
2016-05-02 08:50:00,50,56.405831137271704
2016-05-02 09:00:00,50,70.73975658161449
2016-05-02 09:10:00,60,72.37866311301117
2016-05-02 09:20:00,50,78.78196457039317
2016-05-02 09:30:00,70,69.81527053689086
2016-05-02 09:40:00,50,86.60544020469104
2016-05-02 09:50:00,50,60.36814811029987
2016-05-02 10:00:00,60,62.57446000355601
2016-05-02 10:10:00,50,67.88681924709346
2016-05-02 10:20:00,50,58.719661315194784
2016-05-02 10:30:00,50,59.07274089904392
2016-05-02 10:40:00,50,59.96655928738201
2016-05-02 10:50:00,60,60.132360438238294
2016-05-02 11:00:00,50,70.56400500750323
2016-05-02 11:10:00,60,61.06053438649515
2016-05-02 11:20:00,50,70.81224046086233
2016-05-02 11:30:00,50,59.63082409138002
2016-05-02 11:40:00,50,61.877607372009024
2016-05-02 11:50:00,50,60.0701342019703
2016-05-02 12:00:00,60,63.849006864280305
2016-05-02 12:10:00,70,70.84376180428254
2016-05-02 12:20:00,80,77.8393798700204
2016-05-02 12:30:00,100,84.21468159088225
2016-05-02 12:40:00,90,99.07473706227069
2016-05-02 12:50:00,90,88.7347709416537
2016-05-02 13:00:00,70,95.46514075557756
2016-05-02 13:10:00,80,79.2204350976863
2016-05-02 13:20:00,70,90.56805670210568
2016-05-02 13:30:00,90,75.03818344298546
2016-05-02 13:40:00,80,93.8684743256364
2016-05-02 13:50:00,100,82.39802437471313
2016-05-02 14:00:00,90,103.43407438949467
2016-05-02 14:10:00,80,91.13852175035333
2016-05-02 14:20:00,80,87.12048295812838
2016-05-02 14:30:00,80,87.24520145019572
2016-05-02 14:40:00,70,86.57933837499576
2016-05-02 14:50:00,80,77.40831182647321
2016-05-02 15:00:00,90,87.56495375040396
2016-05-02 15:10:00,90,93.78398323466887
2016-05-02 15:20:00,80,92.76549404932075
2016-05-02 15:30:00,80,85.28988360046723
2016-05-02 15:40:00,70,88.08275057016506
2016-05-02 15:50:00,80,79.7349932846941
2016-05-02 16:00:00,60,88.01959955126192
2016-05-02 16:10:00,40,70.51262787893802
2016-05-02 16:20:00,50,58.91089751151011
2016-05-02 16:30:00,70,68.93889619060963
2016-05-02 16:40:00,90,82.248337418756
2016-05-02 16:50:00,320,93.26689725404985
2016-05-02 17:00:00,330,269.519440983614
2016-05-02 17:10:00,270,245.9650265200219
2016-05-02 17:20:00,260,213.0240879656036
2016-05-02 17:30:00,240,223.1575875270138
2016-05-02 17:40:00,210,201.83016034479226
2016-05-02 17:50:00,280,174.82431494814713
2016-05-02 18:00:00,170,233.29886800627617
2016-05-02 18:10:00,120,138.83848157007162
2016-05-02 18:20:00,100,126.82579354135673
2016-05-02 18:30:00,120,117.30629589665726
2016-05-02 18:40:00,120,144.40434946184914
2016-05-02 18:50:00,130,129.74001054371274
2016-05-02 19:00:00,130,136.15237808590518
2016-05-02 19:10:00,120,133.00282071651156
2016-05-02 19:20:00,120,123.50482568468311
2016-05-02 19:30:00,140,129.9709207284371
2016-05-02 19:40:00,150,134.23164626610776
2016-05-02 19:50:00,150,161.44882944088374
2016-05-02 20:00:00,150,145.47412240138794
2016-05-02 20:10:00,140,145.59753131926612
2016-05-02 20:20:00,130,122.88627699344087
2016-05-02 20:30:00,100,117.38999254882361
2016-05-02 20:40:00,80,95.86085181381621
2016-05-02 20:50:00,60,93.70958691619927
2016-05-02 21:00:00,30,82.78697693951662
2016-05-02 21:10:00,40,61.547884996070266
2016-05-02 21:20:00,40,73.99573917117633
2016-05-02 21:30:00,80,78.2316018124262
2016-05-02 21:40:00,70,100.54614370432292
2016-05-02 21:50:00,60,84.83156051735787
2016-05-02 22:00:00,70,75.75476062161363
2016-05-02 22:10:00,60,82.93515673826613
2016-05-02 22:20:00,70,71.36324029120581
2016-05-02 22:30:00,50,87.40350238601498
2016-05-02 22:40:00,80,62.58601475979984
2016-05-02 22:50:00,60,90.68666968617482
2016-05-02 23:00:00,60,46.78638344933954
2016-05-02 23:10:00,70,54.28976174005395
2016-05-02 23:20:00,50,60.989952473912815
2016-05-02 23:30:00,50,45.16126580292419
2016-05-02 23:40:00,50,47.720949573416256
2016-05-02 23:50:00,50,47.331311069400755
2016-05-03 00:00:00,40,48.194887097656895
2016-05-03 00:10:00,60,40.82116476840487
2016-05-03 00:20:00,60,59.112034763054766
2016-05-03 00:30:00,60,54.60004397493389
2016-05-03 00:40:00,60,55.73203605765238
2016-05-03 00:50:00,50,55.54319249432359
2016-05-03 01:00:00,40,45.679883265389314
2016-05-03 01:10:00,20,38.96459273210661
2016-05-03 01:20:00,30,23.71558826258706
2016-05-03 01:30:00,30,35.25497100770775
2016-05-03 01:40:00,50,32.49747556697193
2016-05-03 01:50:00,60,49.02172686579824
2016-05-03 02:00:00,60,51.693403389256844
2016-05-03 02:10:00,60,52.9071258903645
2016-05-03 02:20:00,60,53.17117364664562
2016-05-03 02:30:00,50,53.17146693346426
2016-05-03 02:40:00,50,45.400917460848994
2016-05-03 02:50:00,40,46.46270970321831
2016-05-03 03:00:00,50,36.7701975623082
2016-05-03 03:10:00,50,47.2088077689892
2016-05-03 03:20:00,50,45.13465951956498
2016-05-03 03:30:00,60,46.560103540283166
2016-05-03 03:40:00,50,54.78113652936115
2016-05-03 03:50:00,60,46.12692683342634
2016-05-03 04:00:00,40,55.5528161341488
2016-05-03 04:10:00,50,37.353646974219096
2016-05-03 04:20:00,50,49.274803067118285
2016-05-03 04:30:00,50,46.31818341402863
2016-05-03 04:40:00,50,48.112898549622614
2016-05-03 04:50:00,60,47.59313397044081
2016-05-03 05:00:00,70,57.46059308325024
2016-05-03 05:10:00,70,63.30733629965643
2016-05-03 05:20:00,30,61.73805728649054
2016-05-03 05:30:00,40,39.5870913569792
2016-05-03 05:40:00,50,46.124510213805884
2016-05-03 05:50:00,50,49.33027804226079
2016-05-03 06:00:00,60,49.19586427975466
2016-05-03 06:10:00,110,57.815140129158394
2016-05-03 06:20:00,70,104.56176796059083
2016-05-03 06:30:00,50,55.16447735458519
2016-05-03 06:40:00,60,48.36619950031809
2016-05-03 06:50:00,60,58.56351449574111
2016-05-03 07:00:00,60,57.453794032021726
2016-05-03 07:10:00,50,55.45055260407127
2016-05-03 07:20:00,50,49.242847300829865
2016-05-03 07:30:00,50,52.424641599778305
2016-05-03 07:40:00,50,51.42039854389932
2016-05-03 07:50:00,40,60.617126159220305
2016-05-03 08:00:00,70,49.81905335370109
2016-05-03 08:10:00,50,74.85832508805734
2016-05-03 08:20:00,60,52.24259667215953
2016-05-03 08:30:00,50,65.93680634052389
2016-05-03 08:40:00,50,56.20220557759986
2016-05-03 08:50:00,50,59.719480520680534
2016-05-03 09:00:00,30,60.83494219261898
2016-05-03 09:10:00,30,46.35519269634212
2016-05-03 09:20:00,20,48.91476768483274
2016-05-03 09:30:00,40,48.251948980398296
2016-05-03 09:40:00,60,55.347815689574674
2016-05-03 09:50:00,60,66.69532887368072
2016-05-03 10:00:00,50,68.97290651018966
2016-05-03 10:10:00,60,61.570322128273006
2016-05-03 10:20:00,50,70.33769542494854
2016-05-03 10:30:00,40,58.38773437419691
2016-05-03 10:40:00,60,52.23571928130648
2016-05-03 10:50:00,50,68.18231361016993
2016-05-03 11:00:00,50,68.83494183589461
2016-05-03 11:10:00,60,63.17030222696148
2016-05-03 11:20:00,60,70.77565571680537
2016-05-03 11:30:00,50,69.86439659299529
2016-05-03 11:40:00,50,61.27862901052441
2016-05-03 11:50:00,50,62.86584723454402
2016-05-03 12:00:00,50,65.52947088671095
2016-05-03 12:10:00,60,64.0821785331893
2016-05-03 12:20:00,40,71.88123040951596
2016-05-03 12:30:00,60,54.742308932266866
2016-05-03 12:40:00,60,74.94790158493191
2016-05-03 12:50:00,50,69.78075415924879
2016-05-03 13:00:00,60,66.2090775239948
2016-05-03 13:10:00,40,74.8170277035336
2016-05-03 13:20:00,30,57.47642147208716
2016-05-03 13:30:00,30,52.68213832044716
2016-05-03 13:40:00,20,52.676775146709296
2016-05-03 13:50:00,60,43.92113126123657
2016-05-03 14:00:00,50,76.73694160408235
2016-05-03 14:10:00,70,62.242580699454294
2016-05-03 14:20:00,60,82.34394851148215
2016-05-03 14:30:00,60,70.77341884573075
2016-05-03 14:40:00,50,74.15503047149583
2016-05-03 14:50:00,50,63.158938766173144
2016-05-03 15:00:00,40,66.19572861597155
2016-05-03 15:10:00,50,56.38222956788441
2016-05-03 15:20:00,50,66.71966783931347
2016-05-03 15:30:00,50,64.46463556029822
2016-05-03 15:40:00,60,65.92451329972056
2016-05-03 15:50:00,50,74.12626662078506
2016-05-03 16:00:00,60,62.981817344508286
2016-05-03 16:10:00,60,72.84582808671206
2016-05-03 16:20:00,60,70.07929103853822
2016-05-03 16:30:00,60,70.20343334089381
2016-05-03 16:40:00,80,70.32711498956299
2016-05-03 16:50:00,70,87.07835740172003
2016-05-03 17:00:00,90,76.66828037318645
2016-05-03 17:10:00,150,98.74215028381111
2016-05-03 17:20:00,460,142.56567840493767
2016-05-03 17:30:00,340,368.32961878581506
2016-05-03 17:40:00,310,213.65272580783073
2016-05-03 17:50:00,120,240.40091355334602
2016-05-03 18:00:00,140,104.22075061489048
2016-05-03 18:10:00,150,151.48337872677757
2016-05-03 18:20:00,120,133.56970972617992
2016-05-03 18:30:00,130,115.68598896572651
2016-05-03 18:40:00,130,134.3612122752861
2016-05-03 18:50:00,130,141.5471139428615
2016-05-03 19:00:00,130,138.6723599350644
2016-05-03 19:10:00,170,138.5619152198291
2016-05-03 19:20:00,210,169.60320384726325
2016-05-03 19:30:00,110,185.5921236158665
2016-05-03 19:40:00,100,98.90290122426572
2016-05-03 19:50:00,110,109.64040682347995
2016-05-03 20:00:00,90,107.6504515932298
2016-05-03 20:10:00,120,105.04013345796521
2016-05-03 20:20:00,130,113.39168024995996
2016-05-03 20:30:00,130,118.83627067433886
2016-05-03 20:40:00,120,119.40442921725587
2016-05-03 20:50:00,120,113.64616958269761
2016-05-03 21:00:00,60,119.59540858681048
2016-05-03 21:10:00,60,63.343841607168095
2016-05-03 21:20:00,50,73.1252665936436
2016-05-03 21:30:00,60,69.23128413054329
2016-05-03 21:40:00,60,70.42382364292229
2016-05-03 21:50:00,50,67.98350031205618
2016-05-03 22:00:00,60,58.1925366443827
2016-05-03 22:10:00,60,67.26702992476756
2016-05-03 22:20:00,60,63.705726655709945
2016-05-03 22:30:00,50,63.00283388465108
2016-05-03 22:40:00,40,54.49373875598713
2016-05-03 22:50:00,60,48.77489566846226
2016-05-03 23:00:00,50,59.65182057942983
2016-05-03 23:10:00,50,47.251868411177384
2016-05-03 23:20:00,40,50.8149285648075
2016-05-03 23:30:00,30,43.013119555392926
2016-05-03 23:40:00,40,38.106414864197674
2016-05-03 23:50:00,40,45.943191854747305
2016-05-04 00:00:00,40,48.187017961995465
2016-05-04 00:10:00,50,49.740870209020876
2016-05-04 00:20:00,60,57.826107495634446
2016-05-04 00:30:00,50,63.674686232957654
2016-05-04 00:40:00,50,55.02983208027041
2016-05-04 00:50:00,60,58.01560344539697
2016-05-04 01:00:00,60,61.74755693517886
2016-05-04 01:10:00,50,59.515591854474295
2016-05-04 01:20:00,60,52.02130387618138
2016-05-04 01:30:00,50,63.866535026248805
2016-05-04 01:40:00,50,54.34756898008443
2016-05-04 01:50:00,50,56.88042862620716
2016-05-04 02:00:00,50,54.09157612682577
2016-05-04 02:10:00,40,54.70654460009315
2016-05-04 02:20:00,60,47.14338605092465
2016-05-04 02:30:00,60,64.39210011876833
2016-05-04 02:40:00,60,59.86186193554818
2016-05-04 02:50:00,60,62.10450693049303
2016-05-04 03:00:00,50,60.26875318156581
2016-05-04 03:10:00,50,53.530192761138444
2016-05-04 03:20:00,50,54.35518110003721
2016-05-04 03:30:00,20,54.214983402952576
2016-05-04 03:40:00,30,30.939403017244032
2016-05-04 03:50:00,30,43.723103371919144
2016-05-04 04:00:00,30,40.11604836304831
2016-05-04 04:10:00,60,40.59955674773284
2016-05-04 04:20:00,50,62.934168092230905
2016-05-04 04:30:00,60,50.637003647340414
2016-05-04 04:40:00,40,60.82575684104021
2016-05-04 04:50:00,60,43.51440611763093
2016-05-04 05:00:00,70,64.47105631771032
2016-05-04 05:10:00,70,73.28295471280478
2016-05-04 05:20:00,70,63.57743110861378
2016-05-04 05:30:00,70,63.68172581480127
2016-05-04 05:40:00,70,72.78263510171918
2016-05-04 05:50:00,50,63.93728193088368
2016-05-04 06:00:00,70,50.015217433907274
2016-05-04 06:10:00,280,68.51806046086608
2016-05-04 06:20:00,150,226.71521470578872
2016-05-04 06:30:00,60,90.00185784487226
2016-05-04 06:40:00,70,59.76800855309183
2016-05-04 06:50:00,60,79.16861918974382
2016-05-04 07:00:00,70,66.47329225271865
2016-05-04 07:10:00,50,66.07050283274343
2016-05-04 07:20:00,60,53.4958008479892
2016-05-04 07:30:00,50,70.128657895063
2016-05-04 07:40:00,50,56.66744918086348
2016-05-04 07:50:00,80,59.20044534615307
2016-05-04 08:00:00,60,94.41440883390068
2016-05-04 08:10:00,370,65.80166894544229
2016-05-04 08:20:00,400,306.43550424800935
2016-05-04 08:30:00,70,271.18029507524
2016-05-04 08:40:00,70,32.8960825134469
2016-05-04 08:50:00,80,98.67313445674627
2016-05-04 09:00:00,90,94.16294230572912
2016-05-04 09:10:00,70,92.52671792433485
2016-05-04 09:20:00,80,64.6933524409609
2016-05-04 09:30:00,60,99.61987643986801
2016-05-04 09:40:00,50,80.16162347960135
2016-05-04 09:50:00,80,63.44494591861272
2016-05-04 10:00:00,80,82.8069883240155
2016-05-04 10:10:00,80,77.22701610973758
2016-05-04 10:20:00,80,72.84679213445743
2016-05-04 10:30:00,120,69.10529301333256
2016-05-04 10:40:00,90,112.29671889617539
2016-05-04 10:50:00,50,84.58227605670156
2016-05-04 11:00:00,70,58.123835232050325
2016-05-04 11:10:00,60,81.46645728912549
2016-05-04 11:20:00,90,77.89459624100434
2016-05-04 11:30:00,80,95.66150297865455
2016-05-04 11:40:00,80,84.73618834498943
2016-05-04 11:50:00,80,89.98054289165606
2016-05-04 12:00:00,60,100.29853506360546
2016-05-04 12:10:00,70,76.12781157081847
2016-05-04 12:20:00,60,85.41610397112612
2016-05-04 12:30:00,60,81.73505745061624
2016-05-04 12:40:00,70,72.82791043517692
2016-05-04 12:50:00,70,79.06184454485691
2016-05-04 13:00:00,80,80.01102009941422
2016-05-04 13:10:00,70,95.69414412946935
2016-05-04 13:20:00,70,78.27450520198855
2016-05-04 13:30:00,70,79.61151486521231
2016-05-04 13:40:00,60,86.28832209339603
2016-05-04 13:50:00,70,69.15982378232079
2016-05-04 14:00:00,60,79.47953888701943
2016-05-04 14:10:00,70,77.10171426676274
2016-05-04 14:20:00,70,78.93678430446386
2016-05-04 14:30:00,70,75.56441508305225
2016-05-04 14:40:00,80,76.55483087008841
2016-05-04 14:50:00,70,90.94981023975312
2016-05-04 15:00:00,80,73.9373251509313
2016-05-04 15:10:00,70,83.82790237876141
2016-05-04 15:20:00,70,73.53050302621986
2016-05-04 15:30:00,50,75.7819998544476
2016-05-04 15:40:00,60,59.28290455018917
2016-05-04 15:50:00,80,72.03369517022125
2016-05-04 16:00:00,90,83.19748696132574
2016-05-04 16:10:00,90,90.21297655711128
2016-05-04 16:20:00,80,93.54941362062651
2016-05-04 16:30:00,80,90.90130460961662
2016-05-04 16:40:00,70,95.01435953743866
2016-05-04 16:50:00,80,87.50682818042222
2016-05-04 17:00:00,90,95.45864160810018
2016-05-04 17:10:00,90,100.90915256669786
2016-05-04 17:20:00,130,96.83740453038683
2016-05-04 17:30:00,120,128.6196416071428
2016-05-04 17:40:00,130,116.68981388520201
2016-05-04 17:50:00,120,128.93582323798282
2016-05-04 18:00:00,130,114.60010796270512
2016-05-04 18:10:00,120,125.38872059274695
2016-05-04 18:20:00,200,112.82403261425563
2016-05-04 18:30:00,120,174.4620328719186
2016-05-04 18:40:00,110,97.30415507442027
2016-05-04 18:50:00,120,112.28893466255992
2016-05-04 19:00:00,130,113.95299090539294
2016-05-04 19:10:00,130,120.65243943443461
2016-05-04 19:20:00,110,115.54286568733588
2016-05-04 19:30:00,120,104.80185258377881
2016-05-04 19:40:00,90,117.8169440258906
2016-05-04 19:50:00,90,91.07111374457996
2016-05-04 20:00:00,80,93.05964931693033
2016-05-04 20:10:00,80,82.8269062048041
2016-05-04 20:20:00,100,85.32693880939996
2016-05-04 20:30:00,110,98.63040031077429
2016-05-04 20:40:00,110,103.89268252995066
2016-05-04 20:50:00,120,103.25270671219585
2016-05-04 21:00:00,80,107.57580908322906
2016-05-04 21:10:00,80,74.52510126125658
2016-05-04 21:20:00,80,81.58485807931699
2016-05-04 21:30:00,70,78.28707069087855
2016-05-04 21:40:00,80,70.83173324953343
2016-05-04 21:50:00,60,80.01791544744671
2016-05-04 22:00:00,50,58.83519110679561
2016-05-04 22:10:00,70,56.11958748607176
2016-05-04 22:20:00,50,73.07083386710914
2016-05-04 22:30:00,60,60.23676844426967
2016-05-04 22:40:00,50,62.072725397298385
2016-05-04 22:50:00,50,51.33026548473764
2016-05-04 23:00:00,60,48.95061805759642
2016-05-04 23:10:00,50,55.81034716078226
2016-05-04 23:20:00,50,46.39433288915442
2016-05-04 23:30:00,60,47.884884623911425
2016-05-04 23:40:00,50,56.44432993636082
2016-05-04 23:50:00,60,46.73312142033484
2016-05-05 00:00:00,40,62.85922963664745
2016-05-05 00:10:00,40,46.08346424720459
2016-05-05 00:20:00,20,49.91210194119164
2016-05-05 00:30:00,40,33.366932223283385
2016-05-05 00:40:00,50,53.57621407190189
2016-05-05 00:50:00,50,55.628864866693974
2016-05-05 01:00:00,50,52.374584040025006
2016-05-05 01:10:00,60,52.91850407539779
2016-05-05 01:20:00,60,62.656658969432456
2016-05-05 01:30:00,60,59.75324221760948
2016-05-05 01:40:00,60,60.42387043636856
2016-05-05 01:50:00,50,60.52307773406538
2016-05-05 02:00:00,50,51.34007903263637
2016-05-05 02:10:00,50,53.12341835802937
2016-05-05 02:20:00,40,52.9774545433516
2016-05-05 02:30:00,50,47.06115640191697
2016-05-05 02:40:00,60,56.505567100147374
2016-05-05 02:50:00,60,62.39156493585473
2016-05-05 03:00:00,60,60.12926566103586
2016-05-05 03:10:00,60,60.88915053740714
2016-05-05 03:20:00,60,61.40148023941119
2016-05-05 03:30:00,50,61.1823377699914
2016-05-05 03:40:00,50,52.991005126000715
2016-05-05 03:50:00,50,55.111713085731566
2016-05-05 04:00:00,40,54.76865169033554
2016-05-05 04:10:00,50,46.476923475454825
2016-05-05 04:20:00,60,55.943692374882794
2016-05-05 04:30:00,50,61.65381924377018
2016-05-05 04:40:00,60,52.725887358885814
2016-05-05 04:50:00,50,63.85194644452489
2016-05-05 05:00:00,30,55.04944748339871
2016-05-05 05:10:00,20,41.06654050175018
2016-05-05 05:20:00,30,35.050236281513435
2016-05-05 05:30:00,30,43.786470542741306
2016-05-05 05:40:00,50,39.899035410591075
2016-05-05 05:50:00,70,55.73498859795309
2016-05-05 06:00:00,60,70.77722242594929
2016-05-05 06:10:00,60,62.01710989348254
2016-05-05 06:20:00,50,65.30148927429227
2016-05-05 06:30:00,60,56.77416993491577
2016-05-05 06:40:00,50,65.01622878883305
2016-05-05 06:50:00,70,53.181954067286085
2016-05-05 07:00:00,170,71.88818026783333
2016-05-05 07:10:00,400,142.4541359580457
2016-05-05 07:20:00,150,304.3687280252189
2016-05-05 07:30:00,70,76.81672979023759
2016-05-05 07:40:00,110,87.28055975079936
2016-05-05 07:50:00,100,111.92297913132074
2016-05-05 08:00:00,120,93.00754094827461
2016-05-05 08:10:00,80,102.19736945433631
2016-05-05 08:20:00,90,80.6870959610738
2016-05-05 08:30:00,120,114.61480815265863
2016-05-05 08:40:00,390,123.56581751260892
2016-05-05 08:50:00,240,327.61276368774566
2016-05-05 09:00:00,120,171.75263169720637
2016-05-05 09:10:00,70,129.62094767636052
2016-05-05 09:20:00,90,99.44749432600274
2016-05-05 09:30:00,80,116.29527639590914
2016-05-05 09:40:00,70,90.67620450565057
2016-05-05 09:50:00,80,101.32218803382548
2016-05-05 10:00:00,110,107.60024757166958
2016-05-05 10:10:00,90,128.42206559609608
2016-05-05 10:20:00,100,107.18245262494241
2016-05-05 10:30:00,100,128.29006642816694
2016-05-05 10:40:00,100,114.12880401357162
2016-05-05 10:50:00,80,109.59088100357039
2016-05-05 11:00:00,80,96.18685396647909
2016-05-05 11:10:00,90,102.22781203049419
2016-05-05 11:20:00,90,110.71316129786513
2016-05-05 11:30:00,90,108.10209217003977
2016-05-05 11:40:00,90,115.86925436064259
2016-05-05 11:50:00,90,109.54008205915837
2016-05-05 12:00:00,90,113.6407739607611
2016-05-05 12:10:00,160,124.11699540500925
2016-05-05 12:20:00,140,170.9643276469562
2016-05-05 12:30:00,80,142.81433984218768
2016-05-05 12:40:00,70,113.75309226809362
2016-05-05 12:50:00,80,105.82324428574064
2016-05-05 13:00:00,30,112.72138486688755
2016-05-05 13:10:00,30,67.04511188268594
2016-05-05 13:20:00,40,75.34197546297456
2016-05-05 13:30:00,20,80.56388494095637
2016-05-05 13:40:00,70,61.1049015475546
2016-05-05 13:50:00,60,101.6471479453465
2016-05-05 14:00:00,60,83.72977754649828
2016-05-05 14:10:00,60,88.15353838628563
2016-05-05 14:20:00,60,84.73508829219281
2016-05-05 14:30:00,50,87.07191898594812
2016-05-05 14:40:00,50,79.07910899473352
2016-05-05 14:50:00,50,82.6528001193219
2016-05-05 15:00:00,50,81.88254857704777
2016-05-05 15:10:00,70,80.5976578560414
2016-05-05 15:20:00,60,94.40656557544747
2016-05-05 15:30:00,60,82.0406661279579
2016-05-05 15:40:00,60,84.94307506419483
2016-05-05 15:50:00,50,82.91168981083493
2016-05-05 16:00:00,50,73.31175277127682
2016-05-05 16:10:00,50,73.26512567140952
2016-05-05 16:20:00,60,72.83938143917419
2016-05-05 16:30:00,40,79.76501579346416
2016-05-05 16:40:00,60,62.38700987828369
2016-05-05 16:50:00,50,81.90313679617213
2016-05-05 17:00:00,60,67.31776825221309
2016-05-05 17:10:00,50,78.29179822853945
2016-05-05 17:20:00,60,66.58781097530832
2016-05-05 17:30:00,210,77.29793053265688
2016-05-05 17:40:00,320,190.16051299520862
2016-05-05 17:50:00,520,233.84695746439476
2016-05-05 18:00:00,490,375.32328144354165
2016-05-05 18:10:00,150,313.4734815175828
2016-05-05 18:20:00,90,80.56377251315055
2016-05-05 18:30:00,90,108.37512292725569
2016-05-05 18:40:00,80,101.83040509352674
2016-05-05 18:50:00,70,93.58536919444857
2016-05-05 19:00:00,80,78.6892464334718
2016-05-05 19:10:00,120,101.8705469150607
2016-05-05 19:20:00,110,134.43550415282886
2016-05-05 19:30:00,90,119.00360629117954
2016-05-05 19:40:00,100,107.24960410229895
2016-05-05 19:50:00,90,114.89772473262857
2016-05-05 20:00:00,100,92.05364858144857
2016-05-05 20:10:00,100,93.4373591244451
2016-05-05 20:20:00,90,90.99719526540626
2016-05-05 20:30:00,90,85.80915978050643
2016-05-05 20:40:00,110,87.99537462642098
2016-05-05 20:50:00,100,103.71596709480629
2016-05-05 21:00:00,90,85.5193110733129
2016-05-05 21:10:00,100,89.94380033982274
2016-05-05 21:20:00,70,99.75645372276266
2016-05-05 21:30:00,50,66.78764285815426
2016-05-05 21:40:00,50,58.5697185664146
2016-05-05 21:50:00,70,61.04071195592655
2016-05-05 22:00:00,60,72.45674720702723
2016-05-05 22:10:00,50,60.8175674533586
2016-05-05 22:20:00,70,65.90015367683478
2016-05-05 22:30:00,50,76.03631630376809
2016-05-05 22:40:00,60,56.27459136076635
2016-05-05 22:50:00,50,67.92545478502467
2016-05-05 23:00:00,50,53.01726665823721
2016-05-05 23:10:00,60,55.25374304717994
2016-05-05 23:20:00,50,60.8795665520108
2016-05-05 23:30:00,50,52.23693590527788
2016-05-05 23:40:00,60,55.19837007060535
2016-05-05 23:50:00,60,62.80429365947394
2016-05-06 00:00:00,50,67.14373311713325
2016-05-06 00:10:00,50,59.248008016586155
2016-05-06 00:20:00,20,60.15224374520131
2016-05-06 00:30:00,40,35.151627234468265
2016-05-06 00:40:00,40,55.27185374469189
2016-05-06 00:50:00,50,49.0760778841313
2016-05-06 01:00:00,60,55.933146612203466
2016-05-06 01:10:00,50,62.05551956642634
2016-05-06 01:20:00,60,54.79140125008043
2016-05-06 01:30:00,60,64.6380304974005
2016-05-06 01:40:00,60,62.31978368501945
2016-05-06 01:50:00,60,62.876318970017635
2016-05-06 02:00:00,50,60.24035803738699
2016-05-06 02:10:00,40,53.13037417601571
2016-05-06 02:20:00,50,47.426141107365986
2016-05-06 02:30:00,60,57.51876000137217
2016-05-06 02:40:00,40,63.45062963953481
2016-05-06 02:50:00,60,46.35060090127955
2016-05-06 03:00:00,60,65.4911971563158
2016-05-06 03:10:00,60,60.47744277681783
2016-05-06 03:20:00,50,61.431464019011976
2016-05-06 03:30:00,60,53.2451148538274
2016-05-06 03:40:00,70,63.35304450972015
2016-05-06 03:50:00,50,67.31256572231072
2016-05-06 04:00:00,50,50.302250761982634
2016-05-06 04:10:00,50,54.695956220002834
2016-05-06 04:20:00,50,54.863588378624726
2016-05-06 04:30:00,40,54.19333925312403
2016-05-06 04:40:00,60,44.638531707125104
2016-05-06 04:50:00,50,63.15830312686525
2016-05-06 05:00:00,60,52.45643304315773
2016-05-06 05:10:00,50,63.44011158335287
2016-05-06 05:20:00,50,52.7211781367207
2016-05-06 05:30:00,50,55.185896269456315
2016-05-06 05:40:00,40,53.278272725656194
2016-05-06 05:50:00,60,46.43698014412542
2016-05-06 06:00:00,50,64.82101596273887
2016-05-06 06:10:00,50,53.083649651505496
2016-05-06 06:20:00,80,55.66558710226731
2016-05-06 06:30:00,110,83.1658778093759
2016-05-06 06:40:00,80,91.69117217028375
2016-05-06 06:50:00,70,64.2427704967389
2016-05-06 07:00:00,60,67.70021568872211
2016-05-06 07:10:00,60,60.41911332248158
2016-05-06 07:20:00,70,59.64025817641842
2016-05-06 07:30:00,670,65.24000305172459
2016-05-06 07:40:00,470,529.2544385417342
2016-05-06 07:50:00,150,271.141763100793
2016-05-06 08:00:00,70,111.82687261171495
2016-05-06 08:10:00,110,103.79445344202468
2016-05-06 08:20:00,110,135.12567786792837
2016-05-06 08:30:00,100,95.84992085969948
2016-05-06 08:40:00,100,100.14721905868616
2016-05-06 08:50:00,80,117.54556579732801
2016-05-06 09:00:00,90,109.38665414414044
2016-05-06 09:10:00,110,119.20366036073408
2016-05-06 09:20:00,450,130.53929533068532
2016-05-06 09:30:00,610,390.4568308880473
2016-05-06 09:40:00,290,443.8807893851582
2016-05-06 09:50:00,90,186.31952354367647
2016-05-06 10:00:00,120,110.89470877839958
2016-05-06 10:10:00,110,154.2439404651959
2016-05-06 10:20:00,70,112.6586568595276
2016-05-06 10:30:00,100,75.98206345990765
2016-05-06 10:40:00,70,119.3502641974975
2016-05-06 10:50:00,70,96.65291407334091
2016-05-06 11:00:00,60,106.17618983953525
2016-05-06 11:10:00,60,95.51487682156922
2016-05-06 11:20:00,80,97.56465632752598
2016-05-06 11:30:00,70,102.59453608757474
2016-05-06 11:40:00,80,79.60651848657722
2016-05-06 11:50:00,310,85.03959599816164
2016-05-06 12:00:00,340,263.93996301343316
2016-05-06 12:10:00,110,246.71767913327224
2016-05-06 12:20:00,80,79.45059711893309
2016-05-06 12:30:00,100,107.18589319774678
2016-05-06 12:40:00,120,116.97705662040714
2016-05-06 12:50:00,80,116.5673868921266
2016-05-06 13:00:00,90,85.68725058127146
2016-05-06 13:10:00,90,113.7003986244166
2016-05-06 13:20:00,90,111.97263807764631
2016-05-06 13:30:00,70,109.73875111166004
2016-05-06 13:40:00,70,88.96508626879216
2016-05-06 13:50:00,70,94.75693730150664
2016-05-06 14:00:00,70,91.50699635084978
2016-05-06 14:10:00,70,86.69532291712582
2016-05-06 14:20:00,140,87.29009381256465
2016-05-06 14:30:00,340,141.0015511634689
2016-05-06 14:40:00,190,281.3710122168927
2016-05-06 14:50:00,150,134.60753131032166
2016-05-06 15:00:00,80,147.51045482042846
2016-05-06 15:10:00,80,97.12285155195244
2016-05-06 15:20:00,70,106.37155909736758
2016-05-06 15:30:00,80,93.63549308775204
2016-05-06 15:40:00,70,102.57421066235972
2016-05-06 15:50:00,70,93.6258812265472
2016-05-06 16:00:00,70,97.80359865639477
2016-05-06 16:10:00,70,93.74626357103205
2016-05-06 16:20:00,70,94.33765860138952
2016-05-06 16:30:00,60,90.99886409807934
2016-05-06 16:40:00,70,78.204158959506
2016-05-06 16:50:00,80,85.3281539373092
2016-05-06 17:00:00,90,95.10765695295541
2016-05-06 17:10:00,90,92.59381330635026
2016-05-06 17:20:00,100,91.26999040864415
2016-05-06 17:30:00,90,100.96906306651123
2016-05-06 17:40:00,100,92.33352976832454
2016-05-06 17:50:00,90,102.86240018875293
2016-05-06 18:00:00,230,90.05601564751407
2016-05-06 18:10:00,230,201.94096047841205
2016-05-06 18:20:00,200,174.4987003032578
2016-05-06 18:30:00,190,170.36440016961518
2016-05-06 18:40:00,100,160.0629841199343
2016-05-06 18:50:00,110,94.35055168872861
2016-05-06 19:00:00,110,109.64420520076635
2016-05-06 19:10:00,110,105.05577545415782
2016-05-06 19:20:00,110,107.52143736493456
2016-05-06 19:30:00,140,109.42588510279668
2016-05-06 19:40:00,150,152.21428790733896
2016-05-06 19:50:00,140,154.81905595901006
2016-05-06 20:00:00,130,143.67748532475463
2016-05-06 20:10:00,130,137.98700912500084
2016-05-06 20:20:00,140,137.72235361805025
2016-05-06 20:30:00,120,126.54520390110144
2016-05-06 20:40:00,100,108.56807030553229
2016-05-06 20:50:00,80,99.44190621265076
2016-05-06 21:00:00,90,82.94159319962635
2016-05-06 21:10:00,80,101.8532964795886
2016-05-06 21:20:00,80,81.83728559430499
2016-05-06 21:30:00,80,84.6651550194362
2016-05-06 21:40:00,50,83.54286820889331
2016-05-06 21:50:00,50,58.8256529069318
2016-05-06 22:00:00,60,57.52971352072649
2016-05-06 22:10:00,50,62.91844447785489
2016-05-06 22:20:00,50,51.718899410060885
2016-05-06 22:30:00,50,53.5629137992682
2016-05-06 22:40:00,50,54.224440614381315
2016-05-06 22:50:00,60,53.69777978265106
2016-05-06 23:00:00,60,56.3209085332788
2016-05-06 23:10:00,60,54.86650433818319
2016-05-06 23:20:00,60,56.341342449644706
2016-05-06 23:30:00,60,63.89101773096917
2016-05-06 23:40:00,50,54.565600528297516
2016-05-06 23:50:00,60,47.994238687700054
2016-05-07 00:00:00,50,61.40724775754595
2016-05-07 00:10:00,50,51.11164265837275
2016-05-07 00:20:00,50,54.068870031718475
2016-05-07 00:30:00,50,53.703173611106585
2016-05-07 00:40:00,60,54.625196531277666
2016-05-07 00:50:00,50,62.73805717099393
2016-05-07 01:00:00,60,50.08555344569166
2016-05-07 01:10:00,60,59.95783737562342
2016-05-07 01:20:00,60,57.80682662459602
2016-05-07 01:30:00,60,58.72768852220438
2016-05-07 01:40:00,60,59.46398445737382
2016-05-07 01:50:00,40,60.71515179497482
2016-05-07 02:00:00,60,41.72849917224341
2016-05-07 02:10:00,40,60.80700351594926
2016-05-07 02:20:00,60,40.62567580797091
2016-05-07 02:30:00,40,60.64567225126898
2016-05-07 02:40:00,60,40.51544395550818
2016-05-07 02:50:00,60,61.35609918480198
2016-05-07 03:00:00,50,54.645943201450734
2016-05-07 03:10:00,70,48.7386681997764
2016-05-07 03:20:00,50,65.78346880207187
2016-05-07 03:30:00,60,46.82368574131276
2016-05-07 03:40:00,50,57.98838625460472
2016-05-07 03:50:00,50,47.29296042435078
2016-05-07 04:00:00,50,50.04896792231547
2016-05-07 04:10:00,60,48.39166616627964
2016-05-07 04:20:00,40,57.09298034149475
2016-05-07 04:30:00,60,38.30233873074399
2016-05-07 04:40:00,60,58.96256143286095
2016-05-07 04:50:00,60,53.86511111649244
2016-05-07 05:00:00,60,56.034113741310776
2016-05-07 05:10:00,50,55.23999133983983
2016-05-07 05:20:00,50,48.72057949206672
2016-05-07 05:30:00,50,50.314390176381
2016-05-07 05:40:00,50,49.285525021495054
2016-05-07 05:50:00,50,49.26643637542453
2016-05-07 06:00:00,40,51.31957410587768
2016-05-07 06:10:00,50,44.397771455303804
2016-05-07 06:20:00,50,53.36688206532927
2016-05-07 06:30:00,60,51.212922770208
2016-05-07 06:40:00,60,59.7015339189946
2016-05-07 06:50:00,60,57.20059531159549
2016-05-07 07:00:00,50,62.26604231888861
2016-05-07 07:10:00,60,55.45164420233805
2016-05-07 07:20:00,60,65.52899393447389
2016-05-07 07:30:00,260,61.69884696267022
2016-05-07 07:40:00,360,214.5306562299303
2016-05-07 07:50:00,100,256.153119249332
2016-05-07 08:00:00,90,56.93781581908933
2016-05-07 08:10:00,90,107.2086212155836
2016-05-07 08:20:00,100,96.29762473378534
2016-05-07 08:30:00,120,95.13317241624148
2016-05-07 08:40:00,200,104.73161161989111
2016-05-07 08:50:00,130,177.48055906553208
2016-05-07 09:00:00,80,117.40167933184088
2016-05-07 09:10:00,210,96.08755016072442
2016-05-07 09:20:00,240,202.93531620558247
2016-05-07 09:30:00,210,198.9796109417038
2016-05-07 09:40:00,80,171.87599284630605
2016-05-07 09:50:00,100,76.60865290877489
2016-05-07 10:00:00,90,120.1336226212216
2016-05-07 10:10:00,110,90.64789300196752
2016-05-07 10:20:00,120,102.01299539778078
2016-05-07 10:30:00,360,115.0707473952359
2016-05-07 10:40:00,270,309.38867519535313
2016-05-07 10:50:00,120,200.3461060014072
2016-05-07 11:00:00,140,127.28055116146056
2016-05-07 11:10:00,120,169.79399385642893
2016-05-07 11:20:00,100,139.94310506679938
2016-05-07 11:30:00,260,114.22001685962255
2016-05-07 11:40:00,250,241.84111762983096
2016-05-07 11:50:00,100,212.4036097497323
2016-05-07 12:00:00,90,115.28226006697875
2016-05-07 12:10:00,80,135.58367785859332
2016-05-07 12:20:00,100,120.49427791881328
2016-05-07 12:30:00,80,129.88438592605945
2016-05-07 12:40:00,90,104.79257265945412
2016-05-07 12:50:00,80,119.31363978801974
2016-05-07 13:00:00,80,118.0347372667405
2016-05-07 13:10:00,80,110.02460546839505
2016-05-07 13:20:00,70,115.63098217754992
2016-05-07 13:30:00,80,100.81827130587986
2016-05-07 13:40:00,70,104.83798581464296
2016-05-07 13:50:00,70,91.01106460553596
2016-05-07 14:00:00,70,93.95402230411693
2016-05-07 14:10:00,80,92.35446839339923
2016-05-07 14:20:00,100,100.8717812787333
2016-05-07 14:30:00,90,112.2819919514303
2016-05-07 14:40:00,90,100.93278924151832
2016-05-07 14:50:00,100,106.68414139588609
2016-05-07 15:00:00,110,115.29350279921309
2016-05-07 15:10:00,110,121.74146657960321
2016-05-07 15:20:00,100,120.28258402148691
2016-05-07 15:30:00,110,115.94044747141785
2016-05-07 15:40:00,100,125.2642411622757
2016-05-07 15:50:00,90,116.09888115631315
2016-05-07 16:00:00,100,109.37249738717404
2016-05-07 16:10:00,90,118.53369493158176
2016-05-07 16:20:00,100,109.11014002995749
2016-05-07 16:30:00,90,118.25769087663444
2016-05-07 16:40:00,90,108.03800882350487
2016-05-07 16:50:00,80,109.55283022403037
2016-05-07 17:00:00,90,98.46912072403693
2016-05-07 17:10:00,80,107.09891834910312
2016-05-07 17:20:00,90,93.96981872635766
2016-05-07 17:30:00,90,102.74329135942999
2016-05-07 17:40:00,80,98.88392794665238
2016-05-07 17:50:00,70,92.3272344317757
2016-05-07 18:00:00,80,82.51431140219884
2016-05-07 18:10:00,560,97.07351353236818
2016-05-07 18:20:00,630,453.1906115897702
2016-05-07 18:30:00,230,418.56790774214994
2016-05-07 18:40:00,100,124.93079944720789
2016-05-07 18:50:00,110,122.47741139926265
2016-05-07 19:00:00,120,133.01809600976875
2016-05-07 19:10:00,130,110.30002134542042
2016-05-07 19:20:00,120,112.40739622595207
2016-05-07 19:30:00,140,121.86196647811401
2016-05-07 19:40:00,100,155.2935905502696
2016-05-07 19:50:00,110,112.70496285381049
2016-05-07 20:00:00,100,126.54046967542436
2016-05-07 20:10:00,100,116.82130109253785
2016-05-07 20:20:00,100,110.21102244482125
2016-05-07 20:30:00,100,95.7482708742325
2016-05-07 20:40:00,70,95.99377258639329
2016-05-07 20:50:00,50,72.3815708441137
2016-05-07 21:00:00,50,65.79323117840705
2016-05-07 21:10:00,60,59.003270518978205
2016-05-07 21:20:00,60,65.0688992161051
2016-05-07 21:30:00,50,62.84450976469608
2016-05-07 21:40:00,60,55.51847287539697
2016-05-07 21:50:00,60,66.76808087469847
2016-05-07 22:00:00,70,66.66321863032096
2016-05-07 22:10:00,60,65.98693972871087
2016-05-07 22:20:00,70,55.537273349162916
2016-05-07 22:30:00,50,65.76437800416164
2016-05-07 22:40:00,50,46.76374653127614
2016-05-07 22:50:00,50,52.04877440364722
2016-05-07 23:00:00,60,46.737537693445844
2016-05-07 23:10:00,50,55.59241406296628
2016-05-07 23:20:00,50,46.44945544250821
2016-05-07 23:30:00,60,49.74460335926982
2016-05-07 23:40:00,60,57.05549250149815
2016-05-07 23:50:00,60,55.91925029969051
2016-05-08 00:00:00,60,58.02488556421735
2016-05-08 00:10:00,60,58.58652237032386
2016-05-08 00:20:00,60,58.67938158569982
2016-05-08 00:30:00,50,58.403525511089384
2016-05-08 00:40:00,60,51.22195169375489
2016-05-08 00:50:00,60,61.59001337763823
2016-05-08 01:00:00,60,55.585265229045405
2016-05-08 01:10:00,50,57.23341550765433
2016-05-08 01:20:00,40,49.07185145071047
2016-05-08 01:30:00,60,44.01804690111264
2016-05-08 01:40:00,50,59.88343432065298
2016-05-08 01:50:00,50,47.562486404946235
2016-05-08 02:00:00,50,48.25402021377734
2016-05-08 02:10:00,60,48.0949740186988
2016-05-08 02:20:00,50,56.367526427533434
2016-05-08 02:30:00,60,45.40801718304337
2016-05-08 02:40:00,60,56.06628135853959
2016-05-08 02:50:00,50,53.22680220892644
2016-05-08 03:00:00,60,44.66736067599986
2016-05-08 03:10:00,50,53.29041018593506
2016-05-08 03:20:00,60,43.55803626053472
2016-05-08 03:30:00,60,54.505930418185315
2016-05-08 03:40:00,50,52.78636678728987
2016-05-08 03:50:00,60,46.47676170807338
2016-05-08 04:00:00,50,56.09188596767394
2016-05-08 04:10:00,40,46.30993562997455
2016-05-08 04:20:00,50,40.81335766128643
2016-05-08 04:30:00,50,50.046693220540234
2016-05-08 04:40:00,50,48.72240924665765
2016-05-08 04:50:00,60,48.94148336800917
2016-05-08 05:00:00,60,58.231334765975376
2016-05-08 05:10:00,60,56.651222416097475
2016-05-08 05:20:00,50,56.54334859798111
2016-05-08 05:30:00,60,49.76259265172266
2016-05-08 05:40:00,50,59.19483902975959
2016-05-08 05:50:00,60,48.491533512926836
2016-05-08 06:00:00,50,60.39740205048571
2016-05-08 06:10:00,60,50.33097636631585
2016-05-08 06:20:00,50,60.84951883476872
2016-05-08 06:30:00,50,49.972411919799995
2016-05-08 06:40:00,50,53.36518872777044
2016-05-08 06:50:00,40,52.60445673564547
2016-05-08 07:00:00,60,48.38494179159369
2016-05-08 07:10:00,40,65.10916998215929
2016-05-08 07:20:00,50,44.75195832993392
2016-05-08 07:30:00,60,56.20084531695813
2016-05-08 07:40:00,90,57.21435129697461
2016-05-08 07:50:00,60,79.66988016263254
2016-05-08 08:00:00,70,54.11512303744076
2016-05-08 08:10:00,60,78.06916559949988
2016-05-08 08:20:00,400,55.623629385904735
2016-05-08 08:30:00,130,317.5877974938967
2016-05-08 08:40:00,370,48.90797889578433
2016-05-08 08:50:00,70,312.24085016832805
2016-05-08 09:00:00,330,27.162826965894382
2016-05-08 09:10:00,230,302.47452966957337
2016-05-08 09:20:00,60,148.63186015305132
2016-05-08 09:30:00,80,69.52325652558615
2016-05-08 09:40:00,80,99.53074650596753
2016-05-08 09:50:00,80,98.75527865095813
2016-05-08 10:00:00,410,91.89681646066983
2016-05-08 10:10:00,180,352.8632915941346
2016-05-08 10:20:00,50,123.4502299686508
2016-05-08 10:30:00,60,79.70016829416673
2016-05-08 10:40:00,50,98.48536290934014
2016-05-08 10:50:00,60,74.27209815777395
2016-05-08 11:00:00,50,70.99204577379112
2016-05-08 11:10:00,50,65.42284874126844
2016-05-08 11:20:00,50,70.48964084076533
2016-05-08 11:30:00,50,69.2962722047459
2016-05-08 11:40:00,60,68.59210411799378
2016-05-08 11:50:00,40,74.7112125062654
2016-05-08 12:00:00,60,61.25298667808402
2016-05-08 12:10:00,50,73.6204949381621
2016-05-08 12:20:00,60,57.656097079241135
2016-05-08 12:30:00,60,68.2818445010167
2016-05-08 12:40:00,60,66.07793652116469
2016-05-08 12:50:00,50,67.98433124599391
2016-05-08 13:00:00,60,62.03257087753502
2016-05-08 13:10:00,60,72.54683927231393
2016-05-08 13:20:00,50,69.66232746792701
2016-05-08 13:30:00,60,62.54031848129416
2016-05-08 13:40:00,60,72.33403025737894
2016-05-08 13:50:00,50,70.15011020783194
2016-05-08 14:00:00,60,64.7798198392285
2016-05-08 14:10:00,60,73.72431674263353
2016-05-08 14:20:00,50,72.63497131628752
2016-05-08 14:30:00,60,65.28294075468685
2016-05-08 14:40:00,50,74.34445014987725
2016-05-08 14:50:00,60,64.05626683891866
2016-05-08 15:00:00,40,74.0887123356334
2016-05-08 15:10:00,50,55.31452364578222
2016-05-08 15:20:00,50,68.41426594295586
2016-05-08 15:30:00,50,64.59348860562235
2016-05-08 15:40:00,50,65.92871872405692
2016-05-08 15:50:00,60,64.7746926001887
2016-05-08 16:00:00,60,72.8570550584915
2016-05-08 16:10:00,50,71.00845487154524
2016-05-08 16:20:00,60,63.69218302327188
2016-05-08 16:30:00,50,73.9066609514989
2016-05-08 16:40:00,60,64.38062901312696
2016-05-08 16:50:00,50,75.94527745426376
2016-05-08 17:00:00,70,64.17954888632264
2016-05-08 17:10:00,50,83.17537272893085
2016-05-08 17:20:00,60,63.786178383533496
2016-05-08 17:30:00,60,78.12662394765619
2016-05-08 17:40:00,60,74.60676388099645
2016-05-08 17:50:00,40,76.08897357399637
2016-05-08 18:00:00,60,56.65125847174186
2016-05-08 18:10:00,40,76.83428555226908
2016-05-08 18:20:00,50,56.26581541309891
2016-05-08 18:30:00,40,68.61394752982055
2016-05-08 18:40:00,50,57.979400148957836
2016-05-08 18:50:00,60,68.59773505294481
2016-05-08 19:00:00,50,68.60394207885739
2016-05-08 19:10:00,60,60.86722453796718
2016-05-08 19:20:00,50,71.15748478852677
2016-05-08 19:30:00,50,61.88177799219256
2016-05-08 19:40:00,60,64.59934166910561
2016-05-08 19:50:00,90,79.45810710421486
2016-05-08 20:00:00,70,87.76079260925583
2016-05-08 20:10:00,90,67.44065885072577
2016-05-08 20:20:00,80,92.29577772355454
2016-05-08 20:30:00,80,89.22483639620376
2016-05-08 20:40:00,70,85.17043023504282
2016-05-08 20:50:00,80,77.27074337030263
2016-05-08 21:00:00,70,83.46500697298025
2016-05-08 21:10:00,80,72.86313337988116
2016-05-08 21:20:00,60,84.64314392868681
2016-05-08 21:30:00,50,67.37844747232113
2016-05-08 21:40:00,60,62.236130787707474
2016-05-08 21:50:00,60,69.5373115720338
2016-05-08 22:00:00,60,62.28239619275944
2016-05-08 22:10:00,60,63.273376691701245
2016-05-08 22:20:00,60,63.69946111968311
2016-05-08 22:30:00,60,64.17711786584127
2016-05-08 22:40:00,50,63.538690365460845
2016-05-08 22:50:00,60,55.85646009395126
2016-05-08 23:00:00,50,59.69320430697162
2016-05-08 23:10:00,60,49.958478412557355
2016-05-08 23:20:00,50,60.30299952793145
2016-05-08 23:30:00,60,50.610439163898036
2016-05-08 23:40:00,60,61.02569055123761
2016-05-08 23:50:00,40,58.8100350142114
2016-05-09 00:00:00,60,53.7191448026738
2016-05-09 00:10:00,50,72.47467517213069
2016-05-09 00:20:00,50,59.94302455794098
2016-05-09 00:30:00,50,62.265348651389765
2016-05-09 00:40:00,60,61.80789095252648
2016-05-09 00:50:00,60,70.11139266296678
2016-05-09 01:00:00,50,63.189298916714094
2016-05-09 01:10:00,70,56.450942152994365
2016-05-09 01:20:00,50,73.47302343536643
2016-05-09 01:30:00,60,53.89919148239868
2016-05-09 01:40:00,60,66.9757911386009
2016-05-09 01:50:00,60,63.888504533546374
2016-05-09 02:00:00,50,62.69181774847894
2016-05-09 02:10:00,60,53.35123025953909
2016-05-09 02:20:00,60,64.29032883852169
2016-05-09 02:30:00,60,61.8064530633071
2016-05-09 02:40:00,50,62.659590013567396
2016-05-09 02:50:00,50,54.44171304981046
2016-05-09 03:00:00,50,55.07592463385168
2016-05-09 03:10:00,60,53.90866792000979
2016-05-09 03:20:00,40,61.55849951000476
2016-05-09 03:30:00,50,44.94498332288256
2016-05-09 03:40:00,60,57.966208559217065
2016-05-09 03:50:00,60,61.87211707423094
2016-05-09 04:00:00,50,61.54346769928637
2016-05-09 04:10:00,60,54.25907491662514
2016-05-09 04:20:00,60,64.89784411488411
2016-05-09 04:30:00,50,61.7408789777196
2016-05-09 04:40:00,60,54.657424666098386
2016-05-09 04:50:00,60,65.37138202012613
2016-05-09 05:00:00,90,64.8072879105522
2016-05-09 05:10:00,70,86.58359747308765
2016-05-09 05:20:00,50,73.4288437506076
2016-05-09 05:30:00,60,63.00375841686096
2016-05-09 05:40:00,70,64.30823422436441
2016-05-09 05:50:00,50,67.62841279951081
2016-05-09 06:00:00,60,59.43835342523583
2016-05-09 06:10:00,40,64.32098085087063
2016-05-09 06:20:00,70,46.26382410063243
2016-05-09 06:30:00,50,72.89439647767352
2016-05-09 06:40:00,60,49.820528034766454
2016-05-09 06:50:00,50,63.37126410117108
2016-05-09 07:00:00,60,62.97357481002534
2016-05-09 07:10:00,50,64.45747009353377
2016-05-09 07:20:00,60,52.35523250896962
2016-05-09 07:30:00,60,62.572118754830214
2016-05-09 07:40:00,60,59.6930116669928
2016-05-09 07:50:00,50,61.35760354539984
2016-05-09 08:00:00,50,57.76982005568242
2016-05-09 08:10:00,70,67.73098174355174
2016-05-09 08:20:00,50,74.25035283861169
2016-05-09 08:30:00,70,53.83326605524494
2016-05-09 08:40:00,60,74.55391440826502
2016-05-09 08:50:00,70,62.17030846366795
2016-05-09 09:00:00,70,77.62244345565472
2016-05-09 09:10:00,70,74.92030606423037
2016-05-09 09:20:00,70,77.58693089687213
2016-05-09 09:30:00,70,76.884834123823
2016-05-09 09:40:00,60,84.9622284313075
2016-05-09 09:50:00,60,68.08464310926813
2016-05-09 10:00:00,60,74.05883941729988
2016-05-09 10:10:00,60,73.34098661812561
2016-05-09 10:20:00,50,73.2075203256749
2016-05-09 10:30:00,60,65.19431253273703
2016-05-09 10:40:00,50,74.86096150586667
2016-05-09 10:50:00,50,63.87483881880648
2016-05-09 11:00:00,50,70.5385121822841
2016-05-09 11:10:00,50,68.94022227042956
2016-05-09 11:20:00,60,69.4113357737548
2016-05-09 11:30:00,60,92.3513660516374
2016-05-09 11:40:00,80,90.65573446624752
2016-05-09 11:50:00,70,98.40278662371684
2016-05-09 12:00:00,70,82.19113028616708
2016-05-09 12:10:00,60,83.96380185487322
2016-05-09 12:20:00,230,75.22082137900496
2016-05-09 12:30:00,190,232.83342044172196
2016-05-09 12:40:00,180,162.14164430411887
2016-05-09 12:50:00,80,174.88644834682952
2016-05-09 13:00:00,80,93.80884459624632
2016-05-09 13:10:00,60,105.79295945424407
2016-05-09 13:20:00,360,77.11779561792889
2016-05-09 13:30:00,370,315.4356271138827
2016-05-09 13:40:00,110,269.2458821328112
2016-05-09 13:50:00,60,93.98034882599154
2016-05-09 14:00:00,70,110.33659810987606
2016-05-09 14:10:00,240,114.55927503273992
2016-05-09 14:20:00,60,226.65005738350266
2016-05-09 14:30:00,50,52.00056152609188
2016-05-09 14:40:00,60,98.40376319594468
2016-05-09 14:50:00,50,98.44812572335303
2016-05-09 15:00:00,60,87.6758838208767
2016-05-09 15:10:00,80,89.6795381772678
2016-05-09 15:20:00,60,111.68895077930918
2016-05-09 15:30:00,80,86.62590468220647
2016-05-09 15:40:00,70,116.94848960649092
2016-05-09 15:50:00,70,103.64340821757979
2016-05-09 16:00:00,70,114.26562134846333
2016-05-09 16:10:00,70,105.57868091412743
2016-05-09 16:20:00,70,102.79480125604357
2016-05-09 16:30:00,70,102.8059882013841
2016-05-09 16:40:00,100,103.76284389785341
2016-05-09 16:50:00,90,127.73783345665284
2016-05-09 17:00:00,90,122.82389740651355
2016-05-09 17:10:00,90,119.15408603413701
2016-05-09 17:20:00,170,119.16197250137418
2016-05-09 17:30:00,410,181.92538604668056
2016-05-09 17:40:00,540,349.32010708621226
2016-05-09 17:50:00,310,409.48999852832964
2016-05-09 18:00:00,110,214.3245136985617
2016-05-09 18:10:00,110,115.15246063817774
2016-05-09 18:20:00,110,150.2941561639335
2016-05-09 18:30:00,120,131.06890466769005
2016-05-09 18:40:00,160,143.41833617620944
2016-05-09 18:50:00,110,175.4555205331323
2016-05-09 19:00:00,120,137.52675051803
2016-05-09 19:10:00,110,149.81759587124031
2016-05-09 19:20:00,110,130.1077270739591
2016-05-09 19:30:00,110,131.16252847661656
2016-05-09 19:40:00,100,123.67045298742987
2016-05-09 19:50:00,110,108.96494820561918
2016-05-09 20:00:00,100,109.56112902326986
2016-05-09 20:10:00,100,100.71031302701546
2016-05-09 20:20:00,100,103.24405905110874
2016-05-09 20:30:00,120,119.56513660295026
2016-05-09 20:40:00,80,135.2590311079702
2016-05-09 20:50:00,70,99.10484019759836
2016-05-09 21:00:00,70,103.85598735520853
2016-05-09 21:10:00,70,95.26090716482204
2016-05-09 21:20:00,70,93.84084117189457
2016-05-09 21:30:00,70,92.54997067756625
2016-05-09 21:40:00,80,94.00527419572492
2016-05-09 21:50:00,70,110.06424681404022
2016-05-09 22:00:00,70,87.1126975835922
2016-05-09 22:10:00,80,89.6370473545001
2016-05-09 22:20:00,70,96.6320666100442
2016-05-09 22:30:00,70,86.42352897740479
2016-05-09 22:40:00,80,96.06808277252902
2016-05-09 22:50:00,60,87.1094675958633
2016-05-09 23:00:00,60,57.023655030391566
2016-05-09 23:10:00,60,61.36004395428602
2016-05-09 23:20:00,60,61.08595919465384
2016-05-09 23:30:00,60,62.357757625944174
2016-05-09 23:40:00,50,62.72388820477453
2016-05-09 23:50:00,70,56.07502995381028
2016-05-10 00:00:00,50,74.99083098899607
2016-05-10 00:10:00,50,55.010876722711934
2016-05-10 00:20:00,60,59.520937420651876
2016-05-10 00:30:00,50,66.43657057021369
2016-05-10 00:40:00,50,57.44059497406875
2016-05-10 00:50:00,50,58.751482467306644
2016-05-10 01:00:00,50,55.17815564235349
2016-05-10 01:10:00,50,55.301186695053055
2016-05-10 01:20:00,50,54.83976823993995
2016-05-10 01:30:00,60,55.298453215024
2016-05-10 01:40:00,50,63.56024465869537
2016-05-10 01:50:00,70,55.16759039161581
2016-05-10 02:00:00,60,70.14932079419502
2016-05-10 02:10:00,50,58.973692611054425
2016-05-10 02:20:00,70,54.89298083456811
2016-05-10 02:30:00,50,72.0411528711214
2016-05-10 02:40:00,60,52.58699563641774
2016-05-10 02:50:00,50,64.69934842983506
2016-05-10 03:00:00,70,53.09728855338251
2016-05-10 03:10:00,50,71.95192386781338
2016-05-10 03:20:00,60,51.363667460846486
2016-05-10 03:30:00,50,65.092323370485
2016-05-10 03:40:00,60,54.24197773562776
2016-05-10 03:50:00,50,64.71056241677675
2016-05-10 04:00:00,50,53.15523670603755
2016-05-10 04:10:00,50,56.11887077404496
2016-05-10 04:20:00,50,54.97008164283643
2016-05-10 04:30:00,50,54.70861180082048
2016-05-10 04:40:00,50,54.19436747951464
2016-05-10 04:50:00,50,54.99700763031581
2016-05-10 05:00:00,100,56.02705873466494
2016-05-10 05:10:00,50,94.17700307995784
2016-05-10 05:20:00,80,53.95645995305306
2016-05-10 05:30:00,60,81.17938522899284
2016-05-10 05:40:00,80,56.57057760284371
2016-05-10 05:50:00,60,83.5664365102734
2016-05-10 06:00:00,70,56.15511337608967
2016-05-10 06:10:00,70,70.69896635915575
2016-05-10 06:20:00,60,65.28741212959605
2016-05-10 06:30:00,60,66.37001500978843
2016-05-10 06:40:00,60,57.72723894170829
2016-05-10 06:50:00,60,58.021949283185165
2016-05-10 07:00:00,60,68.52133843252247
2016-05-10 07:10:00,80,58.62000334283505
2016-05-10 07:20:00,50,72.33624783916831
2016-05-10 07:30:00,60,44.93877362784141
2016-05-10 07:40:00,50,60.289974160285134
2016-05-10 07:50:00,60,48.67104101028602
2016-05-10 08:00:00,50,62.24401170696443
2016-05-10 08:10:00,60,50.72356023249214
2016-05-10 08:20:00,50,62.41575718342799
2016-05-10 08:30:00,60,51.599506995814075
2016-05-10 08:40:00,60,62.804197397578
2016-05-10 08:50:00,60,59.42769551033801
2016-05-10 09:00:00,60,64.86830589005125
2016-05-10 09:10:00,60,64.06009303948198
2016-05-10 09:20:00,60,63.338161123182374
2016-05-10 09:30:00,50,63.12947398607544
2016-05-10 09:40:00,50,55.18081119096968
2016-05-10 09:50:00,50,57.31316570528713
2016-05-10 10:00:00,50,60.93200406105175
2016-05-10 10:10:00,50,61.243402677746836
2016-05-10 10:20:00,50,60.64568118330165
2016-05-10 10:30:00,60,60.955027246151914
2016-05-10 10:40:00,50,68.74043148221165
2016-05-10 10:50:00,60,58.35242607797615
2016-05-10 11:00:00,60,72.35535682918405
2016-05-10 11:10:00,60,69.74397427007345
2016-05-10 11:20:00,50,70.36434701947084
2016-05-10 11:30:00,60,61.914684525093406
2016-05-10 11:40:00,60,72.02289461669756
2016-05-10 11:50:00,50,69.19463018403667
2016-05-10 12:00:00,60,65.26582878679432
2016-05-10 12:10:00,60,74.0877085630362
2016-05-10 12:20:00,50,71.45534190523797
2016-05-10 12:30:00,60,64.2722909157367
2016-05-10 12:40:00,60,74.24520606177833
2016-05-10 12:50:00,60,73.02437498771516
2016-05-10 13:00:00,50,76.32813757030269
2016-05-10 13:10:00,60,67.83864609217807
2016-05-10 13:20:00,50,76.54594677954458
2016-05-10 13:30:00,60,66.23390911260702
2016-05-10 13:40:00,50,75.40526679009287
2016-05-10 13:50:00,50,64.7439637731726
2016-05-10 14:00:00,50,69.20155770960291
2016-05-10 14:10:00,50,68.65671402437968
2016-05-10 14:20:00,50,69.04035096907829
2016-05-10 14:30:00,50,67.89250076910575
2016-05-10 14:40:00,60,67.93084597594388
2016-05-10 14:50:00,60,76.01494822050857
2016-05-10 15:00:00,50,75.12290261420671
2016-05-10 15:10:00,60,68.16385404169671
2016-05-10 15:20:00,60,77.80916640982704
2016-05-10 15:30:00,60,75.30192992480558
2016-05-10 15:40:00,60,75.13464484787963
2016-05-10 15:50:00,50,75.43102703407854
2016-05-10 16:00:00,60,67.67157141895474
2016-05-10 16:10:00,50,76.65743047955036
2016-05-10 16:20:00,60,66.86753454714508
2016-05-10 16:30:00,70,77.29374478957476
2016-05-10 16:40:00,70,83.00790771382871
2016-05-10 16:50:00,70,82.72700781260559
2016-05-10 17:00:00,80,81.83334778233906
2016-05-10 17:10:00,70,90.46338296452447
2016-05-10 17:20:00,80,80.24840425934057
2016-05-10 17:30:00,80,90.47413163833538
2016-05-10 17:40:00,100,88.11559593859826
2016-05-10 17:50:00,350,104.26320022358745
2016-05-10 18:00:00,140,292.30915859301683
2016-05-10 18:10:00,80,82.36183095170423
2016-05-10 18:20:00,80,94.6523657831922
2016-05-10 18:30:00,100,94.90864119203611
2016-05-10 18:40:00,110,107.69144545685623
2016-05-10 18:50:00,100,99.72761965502922
2016-05-10 19:00:00,100,99.05539002420772
2016-05-10 19:10:00,100,105.85110789071057
2016-05-10 19:20:00,100,106.45936659422236
2016-05-10 19:30:00,140,107.63060221225108
2016-05-10 19:40:00,90,140.6624803972016
2016-05-10 19:50:00,100,96.66859996695797
2016-05-10 20:00:00,90,108.0212607946968
2016-05-10 20:10:00,100,95.78016881064457
2016-05-10 20:20:00,90,106.77406750586756
2016-05-10 20:30:00,90,95.41062038631172
2016-05-10 20:40:00,100,101.17298667484934
2016-05-10 20:50:00,100,108.07280912025688
2016-05-10 21:00:00,110,110.71990077978089
2016-05-10 21:10:00,70,110.46862412557324
2016-05-10 21:20:00,60,78.736436688451
2016-05-10 21:30:00,60,78.68331461432865
2016-05-10 21:40:00,50,75.27686345784029
2016-05-10 21:50:00,60,65.88473271319376
2016-05-10 22:00:00,60,68.05216052600527
2016-05-10 22:10:00,60,67.14675269582219
2016-05-10 22:20:00,50,67.17410878845142
2016-05-10 22:30:00,60,59.490683553106585
2016-05-10 22:40:00,60,69.97938187181441
2016-05-10 22:50:00,60,65.755132351636
2016-05-10 23:00:00,60,62.176802906556766
2016-05-10 23:10:00,50,61.39939052106783
2016-05-10 23:20:00,60,54.197588764529826
2016-05-10 23:30:00,50,63.265396045462474
2016-05-10 23:40:00,70,52.906200032803014
2016-05-10 23:50:00,50,71.30575755601123
2016-05-11 00:00:00,60,55.82602649859484
2016-05-11 00:10:00,40,68.68854426150138
2016-05-11 00:20:00,50,50.21968669049704
2016-05-11 00:30:00,50,63.66063912530845
2016-05-11 00:40:00,60,59.35084166371967
2016-05-11 00:50:00,50,68.37321811466518
2016-05-11 01:00:00,60,54.95050061683388
2016-05-11 01:10:00,50,65.93474654928067
2016-05-11 01:20:00,60,55.32606190565245
2016-05-11 01:30:00,50,64.33666055423889
2016-05-11 01:40:00,70,53.64216858180728
2016-05-11 01:50:00,50,71.82083480142477
2016-05-11 02:00:00,60,48.6515793887122
2016-05-11 02:10:00,50,61.40378105134381
2016-05-11 02:20:00,60,50.66292921654095
2016-05-11 02:30:00,60,61.3956491568133
2016-05-11 02:40:00,60,58.09691346803618
2016-05-11 02:50:00,50,59.38154259973985
2016-05-11 03:00:00,60,50.38353462099003
2016-05-11 03:10:00,50,59.907886032744315
2016-05-11 03:20:00,50,49.36515375161119
2016-05-11 03:30:00,50,51.86713010092339
2016-05-11 03:40:00,50,51.94351801128168
2016-05-11 03:50:00,60,50.82990807440194
2016-05-11 04:00:00,50,58.850795310260345
2016-05-11 04:10:00,50,50.29768687635419
2016-05-11 04:20:00,50,52.347797187584604
2016-05-11 04:30:00,50,51.09217085980316
2016-05-11 04:40:00,50,52.082314030622356
2016-05-11 04:50:00,60,51.3114579087217
2016-05-11 05:00:00,60,60.70267106947453
2016-05-11 05:10:00,50,58.9136946008862
2016-05-11 05:20:00,60,51.25479998561124
2016-05-11 05:30:00,100,61.62005676420412
2016-05-11 05:40:00,70,89.14267504137332
2016-05-11 05:50:00,70,66.45376540635243
2016-05-11 06:00:00,320,67.27187626565163
2016-05-11 06:10:00,80,260.3611954046579
2016-05-11 06:20:00,60,30.083018300540246
2016-05-11 06:30:00,70,74.56941510517339
2016-05-11 06:40:00,60,74.07646530236377
2016-05-11 06:50:00,70,63.113457106230044
2016-05-11 07:00:00,70,64.04739956190178
2016-05-11 07:10:00,70,72.25542376820307
2016-05-11 07:20:00,80,73.85593001508893
2016-05-11 07:30:00,70,80.73399887000852
2016-05-11 07:40:00,70,69.52221854911976
2016-05-11 07:50:00,100,70.28906816684201
2016-05-11 08:00:00,410,95.4447087921597
2016-05-11 08:10:00,270,324.61134177679514
2016-05-11 08:20:00,60,163.04531932503667
2016-05-11 08:30:00,70,51.31400417216982
2016-05-11 08:40:00,80,92.32368874520739
2016-05-11 08:50:00,80,87.06004863859617
2016-05-11 09:00:00,40,76.39836625201038
2016-05-11 09:10:00,50,50.57811795530255
2016-05-11 09:20:00,70,75.58519489413779
2016-05-11 09:30:00,70,84.92498755441814
2016-05-11 09:40:00,90,81.2354297391752
2016-05-11 09:50:00,70,96.83693851735428
2016-05-11 10:00:00,60,81.54407778559494
2016-05-11 10:10:00,50,70.65065822188596
2016-05-11 10:20:00,70,58.22776759501177
2016-05-11 10:30:00,90,73.5382593340992
2016-05-11 10:40:00,60,91.12023675381175
2016-05-11 10:50:00,50,57.16321300567627
2016-05-11 11:00:00,50,59.16035944005319
2016-05-11 11:10:00,60,59.61558050834062
2016-05-11 11:20:00,60,65.8898508720936
2016-05-11 11:30:00,50,62.10990451067124
2016-05-11 11:40:00,60,56.018820724798196
2016-05-11 11:50:00,50,65.73222486152197
2016-05-11 12:00:00,70,59.87053090868839
2016-05-11 12:10:00,50,77.7089720211552
2016-05-11 12:20:00,60,57.98144233114067
2016-05-11 12:30:00,50,71.23391183205612
2016-05-11 12:40:00,60,60.08857437285426
2016-05-11 12:50:00,50,70.74079564553607
2016-05-11 13:00:00,70,60.75496104990545
2016-05-11 13:10:00,70,79.41509487009823
2016-05-11 13:20:00,80,75.54355309540014
2016-05-11 13:30:00,60,84.99913849302628
2016-05-11 13:40:00,90,67.63231000992451
2016-05-11 13:50:00,70,96.23254541835513
2016-05-11 14:00:00,90,76.48414677763839
2016-05-11 14:10:00,70,97.23476854522359
2016-05-11 14:20:00,90,77.86710420260025
2016-05-11 14:30:00,70,98.71115474250198
2016-05-11 14:40:00,80,77.55012376661625
2016-05-11 14:50:00,80,92.48652290526431
2016-05-11 15:00:00,80,89.28316825647902
2016-05-11 15:10:00,80,91.06612254875378
2016-05-11 15:20:00,80,90.03068729958459
2016-05-11 15:30:00,70,92.01044130887571
2016-05-11 15:40:00,80,85.84287587405706
2016-05-11 15:50:00,70,96.725413235853
2016-05-11 16:00:00,70,86.77911379983172
2016-05-11 16:10:00,70,88.7544893751207
2016-05-11 16:20:00,80,87.50846406382841
2016-05-11 16:30:00,70,93.1441992276906
2016-05-11 16:40:00,80,81.36307424807946
2016-05-11 16:50:00,80,91.06093192190045
2016-05-11 17:00:00,70,85.94974997461435
2016-05-11 17:10:00,90,79.95410101249747
2016-05-11 17:20:00,80,96.41521525253202
2016-05-11 17:30:00,100,85.51920970064803
2016-05-11 17:40:00,110,105.17756309009708
2016-05-11 17:50:00,100,110.86457841765123
2016-05-11 18:00:00,110,97.83008310621894
2016-05-11 18:10:00,90,108.49470879769962
2016-05-11 18:20:00,100,91.52701826626082
2016-05-11 18:30:00,100,103.36222020739012
2016-05-11 18:40:00,100,100.88758918439628
2016-05-11 18:50:00,110,102.99972229331773
2016-05-11 19:00:00,90,107.47303790834799
2016-05-11 19:10:00,120,101.23684687259465
2016-05-11 19:20:00,90,120.56023324122785
2016-05-11 19:30:00,100,88.03029741978548
2016-05-11 19:40:00,80,103.01261853433942
2016-05-11 19:50:00,90,82.98174003829988
2016-05-11 20:00:00,100,91.15530563128557
2016-05-11 20:10:00,90,94.4684855945281
2016-05-11 20:20:00,90,87.45382025550057
2016-05-11 20:30:00,80,90.19899589025039
2016-05-11 20:40:00,70,83.19492682559917
2016-05-11 20:50:00,80,76.10205123877171
2016-05-11 21:00:00,70,79.60381380710609
2016-05-11 21:10:00,60,69.89205548094793
2016-05-11 21:20:00,50,64.21567318037631
2016-05-11 21:30:00,70,58.340813060350634
2016-05-11 21:40:00,60,74.88960918690387
2016-05-11 21:50:00,60,63.30775516359572
2016-05-11 22:00:00,50,61.359883005055565
2016-05-11 22:10:00,60,52.86113015800715
2016-05-11 22:20:00,40,62.952875097901924
2016-05-11 22:30:00,60,43.82126140623616
2016-05-11 22:40:00,70,63.8421203116384
2016-05-11 22:50:00,50,65.90104682860274
2016-05-11 23:00:00,50,45.90167519426712
2016-05-11 23:10:00,60,49.88371734536294
2016-05-11 23:20:00,50,57.497566957101625
2016-05-11 23:30:00,60,47.3184340011943
2016-05-11 23:40:00,60,57.333252376619924
2016-05-11 23:50:00,60,55.78454911660097
2016-05-12 00:00:00,60,62.21828008183634
2016-05-12 00:10:00,50,62.657579149184954
2016-05-12 00:20:00,60,55.76548824438588
2016-05-12 00:30:00,60,65.54198697690414
2016-05-12 00:40:00,60,63.150753247904305
2016-05-12 00:50:00,50,64.41698776666857
2016-05-12 01:00:00,60,54.138979918052236
2016-05-12 01:10:00,50,65.01177005444676
2016-05-12 01:20:00,60,54.3637248162342
2016-05-12 01:30:00,60,64.79387704226168
2016-05-12 01:40:00,60,62.21596622553896
2016-05-12 01:50:00,50,63.29261864369211
2016-05-12 02:00:00,60,53.502131463726464
2016-05-12 02:10:00,50,62.9174207096295
2016-05-12 02:20:00,70,52.22048040497891
2016-05-12 02:30:00,50,69.7904426284815
2016-05-12 02:40:00,60,49.44104593050816
2016-05-12 02:50:00,50,62.378505474139146
2016-05-12 03:00:00,50,49.46367974438047
2016-05-12 03:10:00,50,52.21865520208061
2016-05-12 03:20:00,50,50.32511372308173
2016-05-12 03:30:00,50,51.702071038597936
2016-05-12 03:40:00,50,51.47807395232522
2016-05-12 03:50:00,50,51.53861298886591
2016-05-12 04:00:00,60,51.56731100787057
2016-05-12 04:10:00,50,59.53232586943763
2016-05-12 04:20:00,70,49.85348350776506
2016-05-12 04:30:00,50,67.21265429517597
2016-05-12 04:40:00,50,47.43937471288782
2016-05-12 04:50:00,60,52.22905009695386
2016-05-12 05:00:00,60,59.78785896419036
2016-05-12 05:10:00,50,58.28776146976396
2016-05-12 05:20:00,60,50.59951947582091
2016-05-12 05:30:00,90,61.25569050874021
2016-05-12 05:40:00,50,81.39136902103408
2016-05-12 05:50:00,60,43.11083165807986
2016-05-12 06:00:00,50,71.4695986342636
2016-05-12 06:10:00,40,52.822110182829405
2016-05-12 06:20:00,50,47.29676391499116
2016-05-12 06:30:00,40,53.74143202694255
2016-05-12 06:40:00,50,44.84706047060728
2016-05-12 06:50:00,60,53.632562656646364
2016-05-12 07:00:00,60,62.534680461547204
2016-05-12 07:10:00,60,61.30768460523486
2016-05-12 07:20:00,50,61.48922146181471
2016-05-12 07:30:00,60,62.253858017820335
2016-05-12 07:40:00,50,62.04192638078243
2016-05-12 07:50:00,70,51.06082112837673
2016-05-12 08:00:00,50,73.03623749653056
2016-05-12 08:10:00,60,52.274624337664505
2016-05-12 08:20:00,50,63.761506136550324
2016-05-12 08:30:00,50,52.497477144113766
2016-05-12 08:40:00,50,55.027070220542065
2016-05-12 08:50:00,50,53.91535017198855
2016-05-12 09:00:00,40,57.56958010987153
2016-05-12 09:10:00,50,57.73398372952152
2016-05-12 09:20:00,40,58.79343318607427
2016-05-12 09:30:00,50,47.80461490274147
2016-05-12 09:40:00,50,57.62652372326059
2016-05-12 09:50:00,60,54.930452056483084
2016-05-12 10:00:00,60,68.40471683643173
2016-05-12 10:10:00,60,66.06644178959694
2016-05-12 10:20:00,60,66.25252202615958
2016-05-12 10:30:00,50,65.80729633259648
2016-05-12 10:40:00,60,67.21640343965677
2016-05-12 10:50:00,60,67.95369702507656
2016-05-12 11:00:00,50,69.73995086203502
2016-05-12 11:10:00,50,62.892114522060794
2016-05-12 11:20:00,50,65.0439998695885
2016-05-12 11:30:00,50,64.40620589508492
2016-05-12 11:40:00,50,63.87017521017336
2016-05-12 11:50:00,50,63.83417145088609
2016-05-12 12:00:00,50,67.02843318400022
2016-05-12 12:10:00,60,66.7406796526937
2016-05-12 12:20:00,60,81.94998643441564
2016-05-12 12:30:00,50,71.81173500431744
2016-05-12 12:40:00,60,64.0519613200776
2016-05-12 12:50:00,50,74.23850459804652
2016-05-12 13:00:00,60,66.32156423882992
2016-05-12 13:10:00,60,76.52048103080959
2016-05-12 13:20:00,60,73.78778349228503
2016-05-12 13:30:00,50,74.62539831740406
2016-05-12 13:40:00,60,66.92236763147294
2016-05-12 13:50:00,50,77.08187001568544
2016-05-12 14:00:00,60,67.17438720047105
2016-05-12 14:10:00,60,77.46885535005953
2016-05-12 14:20:00,60,74.81258655031179
2016-05-12 14:30:00,50,75.82915240819925
2016-05-12 14:40:00,70,68.14440964001989
2016-05-12 14:50:00,40,85.43408848636895
2016-05-12 15:00:00,50,58.6517749136045
2016-05-12 15:10:00,60,73.09776750827895
2016-05-12 15:20:00,80,77.03427567723921
2016-05-12 15:30:00,60,92.8686740656853
2016-05-12 15:40:00,80,74.83712564216457
2016-05-12 15:50:00,80,96.69326112872663
2016-05-12 16:00:00,100,91.68758538035098
2016-05-12 16:10:00,100,109.0587565242794
2016-05-12 16:20:00,110,104.65609987435931
2016-05-12 16:30:00,200,115.02425004963227
2016-05-12 16:40:00,100,181.05732196105083
2016-05-12 16:50:00,100,86.9509194662615
2016-05-12 17:00:00,100,110.52498869459885
2016-05-12 17:10:00,110,106.75159441820752
2016-05-12 17:20:00,120,115.04532825743894
2016-05-12 17:30:00,110,116.72925514165802
2016-05-12 17:40:00,470,114.35024606663762
2016-05-12 17:50:00,340,394.03106777034014
2016-05-12 18:00:00,100,214.38617300507178
2016-05-12 18:10:00,110,86.0041104852161
2016-05-12 18:20:00,110,136.1038221924273
2016-05-12 18:30:00,90,123.71712893244758
2016-05-12 18:40:00,110,90.22388775318575
2016-05-12 18:50:00,110,116.21864553877023
2016-05-12 19:00:00,130,119.10538966139829
2016-05-12 19:10:00,120,136.63348977713088
2016-05-12 19:20:00,120,126.40436340876697
2016-05-12 19:30:00,120,131.95925200255186
2016-05-12 19:40:00,130,132.58800531237367
2016-05-12 19:50:00,120,133.38463496985455
2016-05-12 20:00:00,130,113.12015395978348
2016-05-12 20:10:00,120,125.34749862271822
2016-05-12 20:20:00,80,115.4818757569543
2016-05-12 20:30:00,70,87.53344399182221
2016-05-12 20:40:00,70,87.03824136653063
2016-05-12 20:50:00,130,86.76055100050479
2016-05-12 21:00:00,80,126.19310484013417
2016-05-12 21:10:00,70,85.08411035368674
2016-05-12 21:20:00,80,91.47847600439383
2016-05-12 21:30:00,80,98.73344651709978
2016-05-12 21:40:00,60,86.95404125569947
2016-05-12 21:50:00,60,67.79421102386304
2016-05-12 22:00:00,60,68.08336001927933
2016-05-12 22:10:00,60,66.22064302924787
2016-05-12 22:20:00,70,63.6526665240543
2016-05-12 22:30:00,50,71.41164436914491
2016-05-12 22:40:00,60,55.525541131756896
2016-05-12 22:50:00,60,67.3179486687227
2016-05-12 23:00:00,60,57.1682608721638
2016-05-12 23:10:00,60,58.03873280077911
2016-05-12 23:20:00,60,57.30206870141282
2016-05-12 23:30:00,50,57.58219526770943
2016-05-12 23:40:00,60,49.3301836309468
2016-05-12 23:50:00,50,59.278111538534596
2016-05-13 00:00:00,70,55.48765830459646
2016-05-13 00:10:00,50,73.10899791569923
2016-05-13 00:20:00,60,53.34463794962227
2016-05-13 00:30:00,40,66.14680935744413
2016-05-13 00:40:00,60,47.77289094233494
2016-05-13 00:50:00,50,68.3235994183792
2016-05-13 01:00:00,50,50.659631659443995
2016-05-13 01:10:00,50,54.528855288073814
2016-05-13 01:20:00,50,53.372210186311065
2016-05-13 01:30:00,60,54.57753441337289
2016-05-13 01:40:00,60,62.237834951199446
2016-05-13 01:50:00,50,62.02938093398323
2016-05-13 02:00:00,60,53.434014639967735
2016-05-13 02:10:00,60,63.13319101168835
2016-05-13 02:20:00,50,60.16570134944282
2016-05-13 02:30:00,60,52.22209508849146
2016-05-13 02:40:00,60,62.3552910118765
2016-05-13 02:50:00,60,60.36841461265843
2016-05-13 03:00:00,60,58.768230184679716
2016-05-13 03:10:00,60,59.660323823430815
2016-05-13 03:20:00,50,60.70062279586752
2016-05-13 03:30:00,60,52.61821477389347
2016-05-13 03:40:00,60,62.05752644784583
2016-05-13 03:50:00,60,59.5616358225616
2016-05-13 04:00:00,50,60.161101494364964
2016-05-13 04:10:00,50,52.697730268596
2016-05-13 04:20:00,50,55.369971942153
2016-05-13 04:30:00,50,54.29888965455123
2016-05-13 04:40:00,50,54.00210172730186
2016-05-13 04:50:00,50,53.9629731197136
2016-05-13 05:00:00,50,55.47004805111159
2016-05-13 05:10:00,60,55.13994671983572
2016-05-13 05:20:00,50,62.81273669758983
2016-05-13 05:30:00,60,53.40220694202929
2016-05-13 05:40:00,60,63.42435927375951
2016-05-13 05:50:00,70,61.66227625253971
2016-05-13 06:00:00,60,72.32215223178595
2016-05-13 06:10:00,70,61.78332063743702
2016-05-13 06:20:00,190,72.63829833742462
2016-05-13 06:30:00,370,162.8882680063522
2016-05-13 06:40:00,100,281.1142277453015
2016-05-13 06:50:00,90,48.153531962232215
2016-05-13 07:00:00,110,107.65981252860665
2016-05-13 07:10:00,80,109.81238800868196
2016-05-13 07:20:00,120,76.57345534395637
2016-05-13 07:30:00,110,103.98755700882982
2016-05-13 07:40:00,80,101.2540909033786
2016-05-13 07:50:00,560,85.06546268079428
2016-05-13 08:00:00,660,468.63380390699666
2016-05-13 08:10:00,330,470.6692203440077
2016-05-13 08:20:00,270,235.04607830587634
2016-05-13 08:30:00,290,264.5508154620886
2016-05-13 08:40:00,230,275.5858909999805
2016-05-13 08:50:00,250,211.40436611441328
2016-05-13 09:00:00,190,233.4365160091284
2016-05-13 09:10:00,80,196.90110537876564
2016-05-13 09:20:00,70,130.06251407901323
2016-05-13 09:30:00,60,137.92080695112105
2016-05-13 09:40:00,80,134.6638282775554
2016-05-13 09:50:00,80,141.1549310773275
2016-05-13 10:00:00,70,133.49987796128895
2016-05-13 10:10:00,60,119.22490498732823
2016-05-13 10:20:00,80,107.3067527067887
2016-05-13 10:30:00,70,120.23203172132499
2016-05-13 10:40:00,80,110.93560124819324
2016-05-13 10:50:00,80,109.71943660195132
2016-05-13 11:00:00,110,107.88313383460061
2016-05-13 11:10:00,600,128.57643153439557
2016-05-13 11:20:00,560,500.55809391407047
2016-05-13 11:30:00,320,369.11622954041735
2016-05-13 11:40:00,260,230.64842724483972
2016-05-13 11:50:00,280,234.4488017553276
2016-05-13 12:00:00,260,255.4757375518824
2016-05-13 12:10:00,240,213.66327816016206
2016-05-13 12:20:00,210,208.00509523672866
2016-05-13 12:30:00,100,201.09031827289047
2016-05-13 12:40:00,380,127.14802986333972
2016-05-13 12:50:00,620,364.0070820924973
2016-05-13 13:00:00,310,499.2678638252621
2016-05-13 13:10:00,270,239.31783208673153
2016-05-13 13:20:00,280,277.4191096234381
2016-05-13 13:30:00,240,274.41192418503863
2016-05-13 13:40:00,280,225.2662872704563
2016-05-13 13:50:00,230,253.5544732663601
2016-05-13 14:00:00,170,221.52308187735122
2016-05-13 14:10:00,170,189.4895519165304
2016-05-13 14:20:00,620,196.83837260727154
2016-05-13 14:30:00,460,543.7146968766796
2016-05-13 14:40:00,240,348.14892888693737
2016-05-13 14:50:00,250,229.4371115729873
2016-05-13 15:00:00,270,266.5518708406831
2016-05-13 15:10:00,250,266.18134236274045
2016-05-13 15:20:00,220,225.69926443598064
2016-05-13 15:30:00,170,213.60022437725462
2016-05-13 15:40:00,100,190.0993694493972
2016-05-13 15:50:00,200,142.49955363646
2016-05-13 16:00:00,350,227.43522372346104
2016-05-13 16:10:00,300,324.1484998893679
2016-05-13 16:20:00,450,266.69467606224947
2016-05-13 16:30:00,450,396.55949921722384
2016-05-13 16:40:00,290,367.2053829825397
2016-05-13 16:50:00,270,250.49875665231903
2016-05-13 17:00:00,280,257.20889555523223
2016-05-13 17:10:00,200,262.5786248346724
2016-05-13 17:20:00,120,189.7197138647584
2016-05-13 17:30:00,120,142.58003743772832
2016-05-13 17:40:00,110,159.51586955260524
2016-05-13 17:50:00,560,149.46167406756393
2016-05-13 18:00:00,450,494.4439802357422
2016-05-13 18:10:00,490,326.01136720035913
2016-05-13 18:20:00,280,408.90919754479523
2016-05-13 18:30:00,280,233.41652644923073
2016-05-13 18:40:00,310,277.0729018065879
2016-05-13 18:50:00,280,276.17848933375313
2016-05-13 19:00:00,310,242.6894861186036
2016-05-13 19:10:00,330,269.3045308846741
2016-05-13 19:20:00,190,289.1257659468798
2016-05-13 19:30:00,130,186.25995601007895
2016-05-13 19:40:00,140,168.9562745575823
2016-05-13 19:50:00,150,182.15730221427228
2016-05-13 20:00:00,140,169.37146644737845
2016-05-13 20:10:00,130,152.18915656422132
2016-05-13 20:20:00,130,145.44004965919186
2016-05-13 20:30:00,100,148.29828212678615
2016-05-13 20:40:00,120,120.69926516746752
2016-05-13 20:50:00,100,146.25739438804285
2016-05-13 21:00:00,80,107.83447188363688
2016-05-13 21:10:00,60,93.2087551614672
2016-05-13 21:20:00,60,76.69332408555424
2016-05-13 21:30:00,60,80.14484890272372
2016-05-13 21:40:00,60,77.53166059967369
2016-05-13 21:50:00,60,77.7842273979782
2016-05-13 22:00:00,60,71.8760557955292
2016-05-13 22:10:00,50,71.25943806771545
2016-05-13 22:20:00,50,61.625608931798425
2016-05-13 22:30:00,50,62.36690043841694
2016-05-13 22:40:00,60,60.72458236102804
2016-05-13 22:50:00,60,67.43169496248665
2016-05-13 23:00:00,60,59.82059149659069
2016-05-13 23:10:00,70,61.11369605913032
2016-05-13 23:20:00,60,68.99279472451232
2016-05-13 23:30:00,60,60.08858461127844
2016-05-13 23:40:00,60,62.40951444091934
2016-05-13 23:50:00,60,61.969305001759274
2016-05-14 00:00:00,50,65.70281186113041
2016-05-14 00:10:00,60,57.584493544455874
2016-05-14 00:20:00,50,67.27891286756075
2016-05-14 00:30:00,60,57.150043709097275
2016-05-14 00:40:00,60,67.87457055388603
2016-05-14 00:50:00,70,64.76271865179389
2016-05-14 01:00:00,60,69.86832782060762
2016-05-14 01:10:00,70,59.67564264979239
2016-05-14 01:20:00,60,70.99521573250337
2016-05-14 01:30:00,60,61.14998114748765
2016-05-14 01:40:00,70,63.6227662959275
2016-05-14 01:50:00,60,70.56780210469063
2016-05-14 02:00:00,60,59.16244234852108
2016-05-14 02:10:00,50,61.201205217536746
2016-05-14 02:20:00,60,53.52507521113895
2016-05-14 02:30:00,60,62.48433710734917
2016-05-14 02:40:00,60,58.434460261830154
2016-05-14 02:50:00,70,59.09856051494539
2016-05-14 03:00:00,60,65.17383537106002
2016-05-14 03:10:00,70,55.702334733278626
2016-05-14 03:20:00,60,65.66663462747337
2016-05-14 03:30:00,60,55.59278484160754
2016-05-14 03:40:00,50,58.538604633656995
2016-05-14 03:50:00,60,49.99086421595069
2016-05-14 04:00:00,60,59.667797608349744
2016-05-14 04:10:00,50,56.86519672528083
2016-05-14 04:20:00,60,49.82405969181178
2016-05-14 04:30:00,60,59.75214774093244
2016-05-14 04:40:00,60,57.137332392869475
2016-05-14 04:50:00,70,57.05483138162134
2016-05-14 05:00:00,60,65.86744723497517
2016-05-14 05:10:00,60,57.09919242632276
2016-05-14 05:20:00,60,59.91529605660029
2016-05-14 05:30:00,50,58.27131394022676
2016-05-14 05:40:00,60,51.047400237380614
2016-05-14 05:50:00,50,60.796561842511075
2016-05-14 06:00:00,60,53.025169472163824
2016-05-14 06:10:00,70,63.11669397791754
2016-05-14 06:20:00,50,68.63326288784029
2016-05-14 06:30:00,70,52.70176463751803
2016-05-14 06:40:00,60,72.24367953319971
2016-05-14 06:50:00,70,60.13871547804811
2016-05-14 07:00:00,70,73.52739908716453
2016-05-14 07:10:00,60,71.42060175196303
2016-05-14 07:20:00,100,65.28006141321896
2016-05-14 07:30:00,50,96.53515257679754
2016-05-14 07:40:00,80,49.359825852206804
2016-05-14 07:50:00,320,83.00177635815484
2016-05-14 08:00:00,350,264.77597774028646
2016-05-14 08:10:00,160,248.63244030169926
2016-05-14 08:20:00,70,112.82227814111938
2016-05-14 08:30:00,80,88.36751376035988
2016-05-14 08:40:00,70,103.38530759482336
2016-05-14 08:50:00,70,77.43235702406551
2016-05-14 09:00:00,70,80.23993041582723
2016-05-14 09:10:00,80,86.32102062482934
2016-05-14 09:20:00,80,99.31658292875576
2016-05-14 09:30:00,100,96.97845176583617
2016-05-14 09:40:00,90,113.6183631050754
2016-05-14 09:50:00,290,97.52306693565872
2016-05-14 10:00:00,430,256.07929384183916
2016-05-14 10:10:00,100,322.08096173054946
2016-05-14 10:20:00,100,53.22003061256767
2016-05-14 10:30:00,100,125.774921843701
2016-05-14 10:40:00,110,108.10658332862243
2016-05-14 10:50:00,110,106.65099646937745
2016-05-14 11:00:00,110,102.7635674823226
2016-05-14 11:10:00,90,119.73147201197716
2016-05-14 11:20:00,90,106.01785612405781
2016-05-14 11:30:00,100,106.55078548981903
2016-05-14 11:40:00,90,105.2488236046374
2016-05-14 11:50:00,100,97.80553576794087
2016-05-14 12:00:00,110,112.14605108947501
2016-05-14 12:10:00,110,111.3781452485398
2016-05-14 12:20:00,130,108.54895234587201
2016-05-14 12:30:00,110,125.84235898511403
2016-05-14 12:40:00,110,105.94434217006327
2016-05-14 12:50:00,130,110.3578977991672
2016-05-14 13:00:00,110,127.72714626337739
2016-05-14 13:10:00,130,108.32613137459941
2016-05-14 13:20:00,130,136.01605142257844
2016-05-14 13:30:00,120,125.03362949523833
2016-05-14 13:40:00,90,122.74241630766403
2016-05-14 13:50:00,100,106.4359931470188
2016-05-14 14:00:00,100,124.29103567563864
2016-05-14 14:10:00,110,118.76017644783087
2016-05-14 14:20:00,110,125.89971191019558
2016-05-14 14:30:00,100,125.31195940923175
2016-05-14 14:40:00,90,119.2199043565004
2016-05-14 14:50:00,130,114.55734955469545
2016-05-14 15:00:00,120,149.7069824094256
2016-05-14 15:10:00,140,133.12208539491655
2016-05-14 15:20:00,130,152.47815678282916
2016-05-14 15:30:00,130,139.88030776402314
2016-05-14 15:40:00,130,142.8463341244313
2016-05-14 15:50:00,130,138.84571829397265
2016-05-14 16:00:00,120,138.7799056255367
2016-05-14 16:10:00,110,129.51400021396
2016-05-14 16:20:00,110,124.03928453203858
2016-05-14 16:30:00,110,124.88492088795914
2016-05-14 16:40:00,110,126.80003479522057
2016-05-14 16:50:00,110,126.4586067037738
2016-05-14 17:00:00,100,125.18341739874788
2016-05-14 17:10:00,100,117.17832806438287
2016-05-14 17:20:00,90,117.5323950854354
2016-05-14 17:30:00,100,107.04985062716014
2016-05-14 17:40:00,490,116.96499136204844
2016-05-14 17:50:00,570,423.5201689357856
2016-05-14 18:00:00,460,393.34868048057865
2016-05-14 18:10:00,120,322.05344148855215
2016-05-14 18:20:00,100,82.04930972955135
2016-05-14 18:30:00,110,139.71978510976018
2016-05-14 18:40:00,110,112.69508997999266
2016-05-14 18:50:00,100,117.84386472571101
2016-05-14 19:00:00,100,114.92998329842075
2016-05-14 19:10:00,90,134.38400821984595
2016-05-14 19:20:00,90,127.28554776860197
2016-05-14 19:30:00,90,127.6191336242344
2016-05-14 19:40:00,90,127.17156859936532
2016-05-14 19:50:00,80,125.54963251577301
2016-05-14 20:00:00,110,94.00048869064152
2016-05-14 20:10:00,90,111.61006343290626
2016-05-14 20:20:00,80,89.53136710838126
2016-05-14 20:30:00,80,88.44067069155108
2016-05-14 20:40:00,80,99.1318887133455
2016-05-14 20:50:00,80,90.88349494099951
2016-05-14 21:00:00,80,84.00689925446612
2016-05-14 21:10:00,80,84.37475607029282
2016-05-14 21:20:00,70,84.5910253800616
2016-05-14 21:30:00,80,77.25298892588664
2016-05-14 21:40:00,70,86.6319030643978
2016-05-14 21:50:00,70,76.46222306505145
2016-05-14 22:00:00,90,73.80375032157693
2016-05-14 22:10:00,70,95.07022972980178
2016-05-14 22:20:00,50,67.85485618652656
2016-05-14 22:30:00,50,56.936933179310195
2016-05-14 22:40:00,50,61.0996302862212
2016-05-14 22:50:00,60,59.56619306693736
2016-05-14 23:00:00,50,61.57104815472816
2016-05-14 23:10:00,40,52.63026279463374
2016-05-14 23:20:00,50,47.78683175552145
2016-05-14 23:30:00,50,57.472220920596115
2016-05-14 23:40:00,50,54.60086002150236
2016-05-14 23:50:00,50,54.524669946930366
2016-05-15 00:00:00,60,56.63699877214497
2016-05-15 00:10:00,50,64.73217978282337
2016-05-15 00:20:00,60,55.3453855723282
2016-05-15 00:30:00,50,66.11920885129393
2016-05-15 00:40:00,50,56.2890370545958
2016-05-15 00:50:00,50,59.17729715878565
2016-05-15 01:00:00,50,54.97794826475124
2016-05-15 01:10:00,60,55.79310410026348
2016-05-15 01:20:00,50,63.830761626882705
2016-05-15 01:30:00,50,55.7631630084862
2016-05-15 01:40:00,60,58.08243590250399
2016-05-15 01:50:00,60,65.79581265922884
2016-05-15 02:00:00,50,61.72183233024961
2016-05-15 02:10:00,60,54.25319153128401
2016-05-15 02:20:00,50,64.46378098478078
2016-05-15 02:30:00,60,54.10721622009478
2016-05-15 02:40:00,50,64.53434933705789
2016-05-15 02:50:00,40,55.103857252323415
2016-05-15 03:00:00,60,49.4577210769743
2016-05-15 03:10:00,30,64.96771909059615
2016-05-15 03:20:00,40,38.05122564224275
2016-05-15 03:30:00,30,51.289020699712786
2016-05-15 03:40:00,40,39.583363824492515
2016-05-15 03:50:00,40,50.15877792771571
2016-05-15 04:00:00,50,46.84920948092562
2016-05-15 04:10:00,60,56.098745096475774
2016-05-15 04:20:00,50,61.489337756681564
2016-05-15 04:30:00,60,53.26443435114028
2016-05-15 04:40:00,40,63.01417444427392
2016-05-15 04:50:00,50,45.313274050045166
2016-05-15 05:00:00,60,57.7603620516202
2016-05-15 05:10:00,40,62.05154152595274
2016-05-15 05:20:00,60,45.91042341365368
2016-05-15 05:30:00,60,65.24234059072148
2016-05-15 05:40:00,60,61.95671131504912
2016-05-15 05:50:00,60,62.49685179756153
2016-05-15 06:00:00,50,65.15569824730292
2016-05-15 06:10:00,50,58.544285081546604
2016-05-15 06:20:00,60,59.314829163012504
2016-05-15 06:30:00,40,66.4205873606515
2016-05-15 06:40:00,60,48.88337798954531
2016-05-15 06:50:00,50,69.06374344580894
2016-05-15 07:00:00,90,59.788428358923845
2016-05-15 07:10:00,80,92.50104639386274
2016-05-15 07:20:00,50,73.69965256576364
2016-05-15 07:30:00,60,54.378349480120654
2016-05-15 07:40:00,60,66.33910912330357
2016-05-15 07:50:00,220,63.56500500640291
2016-05-15 08:00:00,190,190.65113277488229
2016-05-15 08:10:00,120,139.38120662264538
2016-05-15 08:20:00,70,103.62270308060849
2016-05-15 08:30:00,50,80.1675027400466
2016-05-15 08:40:00,150,71.65516436617688
2016-05-15 08:50:00,130,148.96533812192132
2016-05-15 09:00:00,120,106.29535248227899
2016-05-15 09:10:00,110,103.11737887672291
2016-05-15 09:20:00,80,104.69998632736755
2016-05-15 09:30:00,100,89.04199933805536
2016-05-15 09:40:00,100,106.24629945509857
2016-05-15 09:50:00,100,104.74655648658731
2016-05-15 10:00:00,70,107.30304965638626
2016-05-15 10:10:00,80,81.55214147493994
2016-05-15 10:20:00,80,105.49702031685472
2016-05-15 10:30:00,200,91.80245464246869
2016-05-15 10:40:00,110,196.3934814893844
2016-05-15 10:50:00,110,96.65850441356099
2016-05-15 11:00:00,100,127.03929160671163
2016-05-15 11:10:00,100,121.33489383383025
2016-05-15 11:20:00,110,114.42685668394076
2016-05-15 11:30:00,100,123.07929642562466
2016-05-15 11:40:00,110,108.73450326443579
2016-05-15 11:50:00,110,119.58184829986449
2016-05-15 12:00:00,90,128.45863767334174
2016-05-15 12:10:00,100,105.63455148841264
2016-05-15 12:20:00,90,116.17356070200364
2016-05-15 12:30:00,110,105.79537381443642
2016-05-15 12:40:00,100,119.83334202405044
2016-05-15 12:50:00,90,109.12110024413371
2016-05-15 13:00:00,110,107.8801536034118
2016-05-15 13:10:00,110,124.44494218358612
2016-05-15 13:20:00,100,120.52504009248965
2016-05-15 13:30:00,260,113.82677827901648
2016-05-15 13:40:00,160,240.4648735973119
2016-05-15 13:50:00,80,142.20316379339164
2016-05-15 14:00:00,80,104.21799949522274
2016-05-15 14:10:00,90,115.24186314769898
2016-05-15 14:20:00,90,117.09695260180953
2016-05-15 14:30:00,70,106.18246578596204
2016-05-15 14:40:00,100,95.67556992682994
2016-05-15 14:50:00,100,133.1793119470678
2016-05-15 15:00:00,100,118.165832664079
2016-05-15 15:10:00,80,118.70684382602748
2016-05-15 15:20:00,90,102.58939896104363
2016-05-15 15:30:00,100,114.31304177833506
2016-05-15 15:40:00,90,130.34285960342257
2016-05-15 15:50:00,100,119.76602046007592
2016-05-15 16:00:00,100,130.34414031842243
2016-05-15 16:10:00,110,137.42246743590835
2016-05-15 16:20:00,130,136.830745937011
2016-05-15 16:30:00,110,150.2225453967675
2016-05-15 16:40:00,110,132.95370523227425
2016-05-15 16:50:00,300,146.0644906429252
2016-05-15 17:00:00,360,281.8809043272238
2016-05-15 17:10:00,140,295.81735222152247
2016-05-15 17:20:00,100,129.90754599104548
2016-05-15 17:30:00,200,147.88682322003936
2016-05-15 17:40:00,330,229.34953359875834
2016-05-15 17:50:00,290,291.6950169689312
2016-05-15 18:00:00,120,219.3259107941265
2016-05-15 18:10:00,80,124.37998323619257
2016-05-15 18:20:00,80,119.38056086207553
2016-05-15 18:30:00,100,137.1964470258588
2016-05-15 18:40:00,110,135.95316816153553
2016-05-15 18:50:00,100,141.67061544271724
2016-05-15 19:00:00,110,133.940876125577
2016-05-15 19:10:00,100,141.2474001042592
2016-05-15 19:20:00,100,130.86755323575875
2016-05-15 19:30:00,80,116.45067834668191
2016-05-15 19:40:00,100,98.24367179905687
2016-05-15 19:50:00,90,113.33653822542202
2016-05-15 20:00:00,100,92.00314130021344
2016-05-15 20:10:00,90,102.3536477557071
2016-05-15 20:20:00,170,93.77187833079776
2016-05-15 20:30:00,500,160.15488286102118
2016-05-15 20:40:00,330,400.7846186615102
2016-05-15 20:50:00,290,217.5732585881681
2016-05-15 21:00:00,260,238.83454815206832
2016-05-15 21:10:00,230,218.69648681634382
2016-05-15 21:20:00,240,200.81315257092623
2016-05-15 21:30:00,240,201.11338165263436
2016-05-15 21:40:00,150,216.64136809531436
2016-05-15 21:50:00,100,143.92162515405573
2016-05-15 22:00:00,90,119.96467847782228
2016-05-15 22:10:00,90,117.9354948124301
2016-05-15 22:20:00,90,116.1257148785028
2016-05-15 22:30:00,80,115.68550170706328
2016-05-15 22:40:00,100,103.75512911106263
2016-05-15 22:50:00,70,117.11565801416661
2016-05-15 23:00:00,80,79.68200315865664
2016-05-15 23:10:00,80,90.23435022982503
2016-05-15 23:20:00,80,83.05639784605411
2016-05-15 23:30:00,80,80.50688917643944
2016-05-15 23:40:00,90,76.9940091092917
2016-05-15 23:50:00,90,85.1601352037099
2016-05-16 00:00:00,80,92.03331401251428
2016-05-16 00:10:00,70,84.46275966418823
2016-05-16 00:20:00,50,78.82193470558683
2016-05-16 00:30:00,60,64.52730360510549
2016-05-16 00:40:00,60,76.09539012221788
2016-05-16 00:50:00,50,71.39846084839444
2016-05-16 01:00:00,50,61.620740824405985
2016-05-16 01:10:00,60,63.34477649098931
2016-05-16 01:20:00,50,70.18731791283307
2016-05-16 01:30:00,50,59.80807902856147
2016-05-16 01:40:00,50,61.997318439223676
2016-05-16 01:50:00,60,62.225704302888595
2016-05-16 02:00:00,50,66.75002807849549
2016-05-16 02:10:00,70,56.54917637362028
2016-05-16 02:20:00,50,74.97769198168467
2016-05-16 02:30:00,60,55.79799765211288
2016-05-16 02:40:00,60,69.39139256988253
2016-05-16 02:50:00,50,65.79091648332418
2016-05-16 03:00:00,70,58.121364066624096
2016-05-16 03:10:00,50,74.71331117984369
2016-05-16 03:20:00,50,56.77583921513424
2016-05-16 03:30:00,50,61.48431018355443
2016-05-16 03:40:00,50,59.84648194348636
2016-05-16 03:50:00,50,61.17450150070811
2016-05-16 04:00:00,50,59.343510421331324
2016-05-16 04:10:00,50,60.04524510853082
2016-05-16 04:20:00,60,59.29168832426758
2016-05-16 04:30:00,50,66.7023342041112
2016-05-16 04:40:00,60,56.63362892870738
2016-05-16 04:50:00,60,66.48258578403534
2016-05-16 05:00:00,50,65.65197293342061
2016-05-16 05:10:00,60,59.13592108926626
2016-05-16 05:20:00,50,68.16853712996517
2016-05-16 05:30:00,50,58.69943209499861
2016-05-16 05:40:00,50,60.756183084868354
2016-05-16 05:50:00,50,60.200805071845764
2016-05-16 06:00:00,50,62.58065311711637
2016-05-16 06:10:00,50,61.831105428931416
2016-05-16 06:20:00,50,62.814457307228224
2016-05-16 06:30:00,60,62.69133010735894
2016-05-16 06:40:00,50,70.29142493199285
2016-05-16 06:50:00,60,60.95575344751673
2016-05-16 07:00:00,60,74.31488907064194
2016-05-16 07:10:00,60,71.97811096278602
2016-05-16 07:20:00,50,73.01373426930006
2016-05-16 07:30:00,50,64.95446706436367
2016-05-16 07:40:00,90,67.49759184121396
2016-05-16 07:50:00,60,95.90841186813911
2016-05-16 08:00:00,40,67.66546413892068
2016-05-16 08:10:00,50,60.33994362752051
2016-05-16 08:20:00,60,69.465698488272
2016-05-16 08:30:00,50,73.86548765671418
2016-05-16 08:40:00,160,61.56585524699384
2016-05-16 08:50:00,170,151.14047611314945
2016-05-16 09:00:00,80,143.12848102400386
2016-05-16 09:10:00,60,80.64923572297806
2016-05-16 09:20:00,50,84.19904057231307
2016-05-16 09:30:00,50,74.8071516423494
2016-05-16 09:40:00,80,78.77771273336654
2016-05-16 09:50:00,100,107.12993694662869
2016-05-16 10:00:00,320,132.8624117371078
2016-05-16 10:10:00,160,292.9094485305317
2016-05-16 10:20:00,100,128.32703560304344
2016-05-16 10:30:00,100,128.57314030409006
2016-05-16 10:40:00,110,131.63431097740937
2016-05-16 10:50:00,100,133.68273646001575
2016-05-16 11:00:00,100,123.70583147490942
2016-05-16 11:10:00,100,126.14769063660566
2016-05-16 11:20:00,90,112.8955541827187
2016-05-16 11:30:00,110,106.10425567656645
2016-05-16 11:40:00,110,123.06237080928291
2016-05-16 11:50:00,110,120.40977149675462
2016-05-16 12:00:00,290,127.3137290935292
2016-05-16 12:10:00,450,263.2597483565545
2016-05-16 12:20:00,160,355.6623587651837
2016-05-16 12:30:00,100,115.90471101832233
2016-05-16 12:40:00,120,138.1133795802902
2016-05-16 12:50:00,120,149.91952635651876
2016-05-16 13:00:00,120,146.349408496376
2016-05-16 13:10:00,330,130.6511191663102
2016-05-16 13:20:00,350,305.7640236264426
2016-05-16 13:30:00,360,287.3723829179395
2016-05-16 13:40:00,340,292.17648484941355
2016-05-16 13:50:00,100,268.8517929667844
2016-05-16 14:00:00,80,100.9507949453357
2016-05-16 14:10:00,90,135.88018198819987
2016-05-16 14:20:00,80,119.31827200031523
2016-05-16 14:30:00,80,104.04097835857672
2016-05-16 14:40:00,100,111.10214095175364
2016-05-16 14:50:00,100,138.26993381899314
2016-05-16 15:00:00,100,137.11149219965068
2016-05-16 15:10:00,80,136.11539618407681
2016-05-16 15:20:00,210,112.85815119449127
2016-05-16 15:30:00,90,217.07809201846783
2016-05-16 15:40:00,100,80.60527863948992
2016-05-16 15:50:00,90,121.35951287765877
2016-05-16 16:00:00,90,108.44123396813839
2016-05-16 16:10:00,90,115.82144750781123
2016-05-16 16:20:00,90,110.23469837074552
2016-05-16 16:30:00,90,116.99252625077683
2016-05-16 16:40:00,80,117.00574785201538
2016-05-16 16:50:00,90,108.76906602888542
2016-05-16 17:00:00,90,115.8425174332796
2016-05-16 17:10:00,120,113.16472800252642
2016-05-16 17:20:00,110,135.9482118078633
2016-05-16 17:30:00,110,119.90342518964422
2016-05-16 17:40:00,630,123.65260242424358
2016-05-16 17:50:00,400,517.8550362068958
2016-05-16 18:00:00,350,232.65421072049952
2016-05-16 18:10:00,120,274.9193045670441
2016-05-16 18:20:00,100,104.3810817841665
2016-05-16 18:30:00,110,135.52625104914011
2016-05-16 18:40:00,100,107.50532259695451
2016-05-16 18:50:00,150,105.99053580954902
2016-05-16 19:00:00,100,149.57854661161556
2016-05-16 19:10:00,120,112.66972386532473
2016-05-16 19:20:00,120,141.61821646367315
2016-05-16 19:30:00,110,133.891627130579
2016-05-16 19:40:00,120,127.40342093710439
2016-05-16 19:50:00,120,141.490092456818
2016-05-16 20:00:00,110,122.44699498119306
2016-05-16 20:10:00,100,118.35206569710586
2016-05-16 20:20:00,130,96.97111081441928
2016-05-16 20:30:00,80,123.44620090057737
2016-05-16 20:40:00,80,80.84968390804026
2016-05-16 20:50:00,80,95.12406944308161
2016-05-16 21:00:00,80,86.93146020326941
2016-05-16 21:10:00,80,87.71359236096335
2016-05-16 21:20:00,70,93.91152613162227
2016-05-16 21:30:00,60,78.798969271548
2016-05-16 21:40:00,60,70.95358898853965
2016-05-16 21:50:00,60,79.65416383169932
2016-05-16 22:00:00,50,64.3225759000543
2016-05-16 22:10:00,50,56.9209579685309
2016-05-16 22:20:00,40,59.247437773527096
2016-05-16 22:30:00,60,49.98050325664886
2016-05-16 22:40:00,40,66.92149029519285
2016-05-16 22:50:00,40,55.205943988688176
2016-05-16 23:00:00,50,47.06427021344025
2016-05-16 23:10:00,60,60.133392116341135
2016-05-16 23:20:00,70,57.21255739373663
2016-05-16 23:30:00,60,70.43024374577843
2016-05-16 23:40:00,70,54.47469490681526
2016-05-16 23:50:00,50,64.32374338426563
2016-05-17 00:00:00,40,46.50064038474399
2016-05-17 00:10:00,50,43.659390405497135
2016-05-17 00:20:00,50,51.58842709963595
2016-05-17 00:30:00,50,50.632998845817525
2016-05-17 00:40:00,50,51.28641319129955
2016-05-17 00:50:00,60,52.44895197484174
2016-05-17 01:00:00,50,57.85473952580925
2016-05-17 01:10:00,60,47.7546632280694
2016-05-17 01:20:00,50,57.913594908972385
2016-05-17 01:30:00,60,47.45600828738874
2016-05-17 01:40:00,50,57.57604505335593
2016-05-17 01:50:00,60,46.28037911155311
2016-05-17 02:00:00,50,54.54915756737312
2016-05-17 02:10:00,40,45.7140646013844
2016-05-17 02:20:00,60,41.19111588329664
2016-05-17 02:30:00,40,57.61342241474918
2016-05-17 02:40:00,70,38.250729329916666
2016-05-17 02:50:00,50,66.28915681369398
2016-05-17 03:00:00,60,43.66660160480655
2016-05-17 03:10:00,60,57.53348560930373
2016-05-17 03:20:00,50,53.142018546085694
2016-05-17 03:30:00,60,47.30941796417119
2016-05-17 03:40:00,40,55.59179559643039
2016-05-17 03:50:00,50,38.55221961134747
2016-05-17 04:00:00,50,50.16991100753428
2016-05-17 04:10:00,50,47.4874905229422
2016-05-17 04:20:00,50,49.2795325364597
2016-05-17 04:30:00,60,48.623836716099646
2016-05-17 04:40:00,50,57.88263959697045
2016-05-17 04:50:00,60,46.92089672835087
2016-05-17 05:00:00,70,58.562922257716295
2016-05-17 05:10:00,80,63.77801539130272
2016-05-17 05:20:00,50,69.52622530244074
2016-05-17 05:30:00,50,45.70797806380414
2016-05-17 05:40:00,50,52.61189248166271
2016-05-17 05:50:00,50,50.1023410697451
2016-05-17 06:00:00,60,52.632263818209175
2016-05-17 06:10:00,40,59.2341152444999
2016-05-17 06:20:00,50,42.706956370668564
2016-05-17 06:30:00,40,53.62484641547549
2016-05-17 06:40:00,80,42.51136742016827
2016-05-17 06:50:00,70,75.08984640605615
2016-05-17 07:00:00,60,60.870107051570045
2016-05-17 07:10:00,70,57.62862861979583
2016-05-17 07:20:00,110,64.99573926646391
2016-05-17 07:30:00,50,92.37299373683491
2016-05-17 07:40:00,50,36.751119759090535
2016-05-17 07:50:00,50,50.628527893910714
2016-05-17 08:00:00,50,51.69939985702051
2016-05-17 08:10:00,70,51.111438558225224
2016-05-17 08:20:00,50,64.3968158664944
2016-05-17 08:30:00,60,49.103334416448575
2016-05-17 08:40:00,60,62.68151538923715
2016-05-17 08:50:00,50,58.997591265855355
2016-05-17 09:00:00,50,55.44305872244926
2016-05-17 09:10:00,50,56.27930890587723
2016-05-17 09:20:00,50,55.85305240077797
2016-05-17 09:30:00,50,53.43169660571117
2016-05-17 09:40:00,50,53.63184712584612
2016-05-17 09:50:00,60,54.7500218553305
2016-05-17 10:00:00,50,65.73462414719707
2016-05-17 10:10:00,50,55.69459945261164
2016-05-17 10:20:00,60,57.21642184966561
2016-05-17 10:30:00,50,65.4858555434939
2016-05-17 10:40:00,60,55.434910264325865
2016-05-17 10:50:00,50,64.53491698337396
2016-05-17 11:00:00,60,58.772313712422516
2016-05-17 11:10:00,40,68.58128027049824
2016-05-17 11:20:00,60,50.59120600930403
2016-05-17 11:30:00,40,70.73815222623483
2016-05-17 11:40:00,60,49.01790656092385
2016-05-17 11:50:00,50,69.10304926873837
2016-05-17 12:00:00,60,59.272246377010326
2016-05-17 12:10:00,50,70.74867473403559
2016-05-17 12:20:00,50,59.318484075199066
2016-05-17 12:30:00,60,63.10610648429205
2016-05-17 12:40:00,50,69.15482095800611
2016-05-17 12:50:00,50,59.843930250043734
2016-05-17 13:00:00,40,63.96844323345033
2016-05-17 13:10:00,50,54.85990384301802
2016-05-17 13:20:00,50,64.16416793544141
2016-05-17 13:30:00,40,61.01908487131399
2016-05-17 13:40:00,30,53.88730496377582
2016-05-17 13:50:00,40,47.102219592354196
2016-05-17 14:00:00,40,58.6448479551321
2016-05-17 14:10:00,60,55.42217989463617
2016-05-17 14:20:00,60,70.97748004899394
2016-05-17 14:30:00,50,67.1431826971074
2016-05-17 14:40:00,60,60.67235646277263
2016-05-17 14:50:00,50,70.16563607269264
2016-05-17 15:00:00,50,60.799313897375114
2016-05-17 15:10:00,40,62.27364721568225
2016-05-17 15:20:00,50,53.0770937636609
2016-05-17 15:30:00,60,61.688985494198725
2016-05-17 15:40:00,60,66.77995659135114
2016-05-17 15:50:00,50,66.78481048997932
2016-05-17 16:00:00,60,60.44601454759872
2016-05-17 16:10:00,60,71.54053634600199
2016-05-17 16:20:00,50,69.30963813555047
2016-05-17 16:30:00,80,61.61844907926739
2016-05-17 16:40:00,70,87.94029467187374
2016-05-17 16:50:00,80,74.79173802160463
2016-05-17 17:00:00,80,86.23449287076792
2016-05-17 17:10:00,80,84.91739333512459
2016-05-17 17:20:00,90,87.0604248337335
2016-05-17 17:30:00,100,94.38661125398467
2016-05-17 17:40:00,190,101.87395171355398
2016-05-17 17:50:00,380,171.08686620526214
2016-05-17 18:00:00,100,289.7247137590177
2016-05-17 18:10:00,90,46.04443134305139
2016-05-17 18:20:00,110,106.65791122478015
2016-05-17 18:30:00,90,112.0216342273538
2016-05-17 18:40:00,110,89.66247796272465
2016-05-17 18:50:00,100,103.00020023593447
2016-05-17 19:00:00,90,101.47566287617624
2016-05-17 19:10:00,140,97.98063383119674
2016-05-17 19:20:00,140,135.10325450534776
2016-05-17 19:30:00,130,132.39262557680374
2016-05-17 19:40:00,120,119.30240442890033
2016-05-17 19:50:00,120,111.20215160830227
2016-05-17 20:00:00,130,103.23314546113791
2016-05-17 20:10:00,140,109.99044491279301
2016-05-17 20:20:00,110,126.52882946873848
2016-05-17 20:30:00,110,95.96586860547629
2016-05-17 20:40:00,110,103.86107349917631
2016-05-17 20:50:00,110,102.29363465760801
2016-05-17 21:00:00,90,97.69030710674336
2016-05-17 21:10:00,60,91.25999351381442
2016-05-17 21:20:00,80,64.26000042258993
2016-05-17 21:30:00,50,84.06758849064764
2016-05-17 21:40:00,60,54.4755510682763
2016-05-17 21:50:00,50,68.49579413172168
2016-05-17 22:00:00,60,60.92294692314473
2016-05-17 22:10:00,80,63.052514951127755
2016-05-17 22:20:00,50,72.54309118829745
2016-05-17 22:30:00,40,47.012553085586624
2016-05-17 22:40:00,20,44.98239510148385
2016-05-17 22:50:00,30,37.036691487585244
2016-05-17 23:00:00,30,33.09576760167583
2016-05-17 23:10:00,60,28.446771388865088
2016-05-17 23:20:00,60,54.455087488991836
2016-05-17 23:30:00,60,49.77452144377767
2016-05-17 23:40:00,60,52.63085672807075
2016-05-17 23:50:00,60,53.442298878593945
2016-05-18 00:00:00,50,58.49105959853851
2016-05-18 00:10:00,60,50.81415657924652
2016-05-18 00:20:00,50,69.20746330952137
2016-05-18 00:30:00,50,51.26838999215866
2016-05-18 00:40:00,50,55.21491221154682
2016-05-18 00:50:00,50,55.52149135129605
2016-05-18 01:00:00,50,53.569299180360574
2016-05-18 01:10:00,40,53.527230912281276
2016-05-18 01:20:00,60,45.62613816956478
2016-05-18 01:30:00,50,64.31999092708534
2016-05-18 01:40:00,60,51.32840602910733
2016-05-18 01:50:00,60,70.28111832703843
2016-05-18 02:00:00,60,56.72480621923822
2016-05-18 02:10:00,50,57.71135043066042
2016-05-18 02:20:00,60,48.78614950972191
2016-05-18 02:30:00,50,59.43472858284974
2016-05-18 02:40:00,50,48.932082222709354
2016-05-18 02:50:00,60,50.573717287214095
2016-05-18 03:00:00,40,56.87297874702587
2016-05-18 03:10:00,60,40.4838275995367
2016-05-18 03:20:00,40,68.42326907640242
2016-05-18 03:30:00,60,40.20462170164234
2016-05-18 03:40:00,60,60.376679946853685
2016-05-18 03:50:00,50,55.33629628932262
2016-05-18 04:00:00,60,50.2358813198111
2016-05-18 04:10:00,50,58.63841834708677
2016-05-18 04:20:00,60,49.61308328375145
2016-05-18 04:30:00,50,59.06960232519717
2016-05-18 04:40:00,50,48.867080684257125
2016-05-18 04:50:00,40,51.308476134212356
2016-05-18 05:00:00,80,43.53748644249783
2016-05-18 05:10:00,70,76.62378725756372
2016-05-18 05:20:00,60,59.076799580718024
2016-05-18 05:30:00,50,57.31807827074471
2016-05-18 05:40:00,70,58.639860427262136
2016-05-18 05:50:00,60,67.6377380056882
2016-05-18 06:00:00,60,56.21685950019572
2016-05-18 06:10:00,130,59.31455719650577
2016-05-18 06:20:00,60,112.90234680235456
2016-05-18 06:30:00,70,46.38609100100952
2016-05-18 06:40:00,50,70.79441820956191
2016-05-18 06:50:00,50,49.89581969131636
2016-05-18 07:00:00,50,57.1509324865102
2016-05-18 07:10:00,50,50.982681010600324
2016-05-18 07:20:00,50,52.99076440334437
2016-05-18 07:30:00,50,52.619085438325826
2016-05-18 07:40:00,60,52.44080862879167
2016-05-18 07:50:00,60,66.85034351118694
2016-05-18 08:00:00,50,60.05828847003634
2016-05-18 08:10:00,70,52.540154143935034
2016-05-18 08:20:00,70,67.78057091024634
2016-05-18 08:30:00,80,64.01090881591564
2016-05-18 08:40:00,50,72.78105043684525
2016-05-18 08:50:00,50,46.721254262523225
2016-05-18 09:00:00,50,57.16589640547575
2016-05-18 09:10:00,40,53.946373524450536
2016-05-18 09:20:00,90,46.252592247192375
2016-05-18 09:30:00,60,83.2283091263667
2016-05-18 09:40:00,80,51.6974706114178
2016-05-18 09:50:00,70,77.06189646086277
2016-05-18 10:00:00,60,70.18156380477978
2016-05-18 10:10:00,40,67.34316664048724
2016-05-18 10:20:00,60,50.410259794321554
2016-05-18 10:30:00,50,71.18822539209272
2016-05-18 10:40:00,50,54.94705581081051
2016-05-18 10:50:00,90,57.55632199010303
2016-05-18 11:00:00,100,92.71482480167565
2016-05-18 11:10:00,80,93.54712704800123
2016-05-18 11:20:00,60,78.36505449970512
2016-05-18 11:30:00,70,68.26978260026212
2016-05-18 11:40:00,50,78.29882611066704
2016-05-18 11:50:00,60,57.85496974563297
2016-05-18 12:00:00,50,73.73876462929985
2016-05-18 12:10:00,50,63.35780055968466
2016-05-18 12:20:00,50,66.25800547315362
2016-05-18 12:30:00,40,64.22529743901057
2016-05-18 12:40:00,80,56.67061673540964
2016-05-18 12:50:00,70,89.04623075806475
2016-05-18 13:00:00,90,76.28103577814863
2016-05-18 13:10:00,80,95.85928849397978
2016-05-18 13:20:00,90,84.4872396611747
2016-05-18 13:30:00,80,96.92349786729272
2016-05-18 13:40:00,90,85.44907374248879
2016-05-18 13:50:00,90,96.39461254888202
2016-05-18 14:00:00,90,95.67260709830276
2016-05-18 14:10:00,80,96.77346563920807
2016-05-18 14:20:00,80,88.66602843525558
2016-05-18 14:30:00,80,92.33204996225183
2016-05-18 14:40:00,80,92.25280290637508
2016-05-18 14:50:00,80,92.11279361144658
2016-05-18 15:00:00,90,92.86973057885933
2016-05-18 15:10:00,90,100.90219860897497
2016-05-18 15:20:00,90,99.08953448253816
2016-05-18 15:30:00,80,99.78292886301242
2016-05-18 15:40:00,80,93.0593326982968
2016-05-18 15:50:00,70,93.62075193189438
2016-05-18 16:00:00,70,83.21625438944437
2016-05-18 16:10:00,50,84.69665458047993
2016-05-18 16:20:00,70,68.5940995009194
2016-05-18 16:30:00,140,87.94947190571368
2016-05-18 16:40:00,240,134.39858019647363
2016-05-18 16:50:00,60,188.98108368618625
2016-05-18 17:00:00,70,38.274464511268164
2016-05-18 17:10:00,90,90.98067062824276
2016-05-18 17:20:00,100,97.40982385403356
2016-05-18 17:30:00,110,100.07691457091153
2016-05-18 17:40:00,100,104.56676419466001
2016-05-18 17:50:00,240,105.74971467129721
2016-05-18 18:00:00,130,213.29022785331642
2016-05-18 18:10:00,150,111.70749318984834
2016-05-18 18:20:00,120,157.03780336435014
2016-05-18 18:30:00,210,141.86746573736835
2016-05-18 18:40:00,330,211.2908485535284
2016-05-18 18:50:00,130,286.63666559440543
2016-05-18 19:00:00,130,121.42164877551008
2016-05-18 19:10:00,150,159.76965865353853
2016-05-18 19:20:00,140,166.58272743747807
2016-05-18 19:30:00,160,159.67050203221436
2016-05-18 19:40:00,140,163.89210625367633
2016-05-18 19:50:00,140,154.56104210841386
2016-05-18 20:00:00,160,152.50803286339573
2016-05-18 20:10:00,140,150.37275770359972
2016-05-18 20:20:00,130,131.72714504110297
2016-05-18 20:30:00,290,127.70237040248944
2016-05-18 20:40:00,460,251.67462211006762
2016-05-18 20:50:00,160,350.13194028195255
2016-05-18 21:00:00,100,101.97818521542034
2016-05-18 21:10:00,110,119.09924070706387
2016-05-18 21:20:00,90,121.15198290407758
2016-05-18 21:30:00,70,91.82471253721923
2016-05-18 21:40:00,60,71.16951905836405
2016-05-18 21:50:00,60,79.1813717997411
2016-05-18 22:00:00,50,76.37989681793853
2016-05-18 22:10:00,60,66.98706246016829
2016-05-18 22:20:00,50,77.8551959938672
2016-05-18 22:30:00,60,67.44232371602718
2016-05-18 22:40:00,40,73.34429626362567
2016-05-18 22:50:00,50,47.210474901611505
2016-05-18 23:00:00,50,53.23019802552413
2016-05-18 23:10:00,50,48.96384197702063
2016-05-18 23:20:00,60,49.53591546417677
2016-05-18 23:30:00,50,56.28309304447121
2016-05-18 23:40:00,70,47.878160744454206
2016-05-18 23:50:00,60,66.04956474316398
2016-05-19 00:00:00,60,59.984691659326806
2016-05-19 00:10:00,50,64.40358735228824
2016-05-19 00:20:00,60,55.84791378729758
2016-05-19 00:30:00,40,66.52202735300816
2016-05-19 00:40:00,50,47.70454375212462
2016-05-19 00:50:00,50,61.74774150238557
2016-05-19 01:00:00,40,55.429700845823845
2016-05-19 01:10:00,50,47.79499694786849
2016-05-19 01:20:00,50,56.87635639820702
2016-05-19 01:30:00,60,54.60205579994057
2016-05-19 01:40:00,50,62.935951494537846
2016-05-19 01:50:00,60,52.40309864822695
2016-05-19 02:00:00,50,60.18230019170221
2016-05-19 02:10:00,50,49.80924617973016
2016-05-19 02:20:00,50,52.534304068642584
2016-05-19 02:30:00,50,51.39980671814739
2016-05-19 02:40:00,60,51.978141642422244
2016-05-19 02:50:00,40,59.70130932188606
2016-05-19 03:00:00,50,42.11563676667208
2016-05-19 03:10:00,40,54.33414278032166
2016-05-19 03:20:00,60,43.07969363890696
2016-05-19 03:30:00,40,60.5249698559386
2016-05-19 03:40:00,60,39.713917771418515
2016-05-19 03:50:00,60,61.52036294014758
2016-05-19 04:00:00,60,56.53718525089492
2016-05-19 04:10:00,60,59.063004433213834
2016-05-19 04:20:00,50,58.18529039083843
2016-05-19 04:30:00,60,51.04231540821528
2016-05-19 04:40:00,50,59.73228385154913
2016-05-19 04:50:00,60,48.91082599849577
2016-05-19 05:00:00,50,60.746443171174676
2016-05-19 05:10:00,80,49.74717837554985
2016-05-19 05:20:00,40,75.38885429617908
2016-05-19 05:30:00,50,38.202666696830406
2016-05-19 05:40:00,50,56.36218048721844
2016-05-19 05:50:00,60,52.19914792847719
2016-05-19 06:00:00,60,63.23980360877936
2016-05-19 06:10:00,60,59.4362059482375
2016-05-19 06:20:00,70,61.156062280695735
2016-05-19 06:30:00,60,67.27607279402557
2016-05-19 06:40:00,50,57.39635115042365
2016-05-19 06:50:00,50,52.11238540538626
2016-05-19 07:00:00,50,55.39385862622047
2016-05-19 07:10:00,40,54.70084424700157
2016-05-19 07:20:00,60,45.16061128229532
2016-05-19 07:30:00,40,62.53889740377212
2016-05-19 07:40:00,60,43.116682801093006
2016-05-19 07:50:00,50,63.4199313543616
2016-05-19 08:00:00,60,53.49282161318852
2016-05-19 08:10:00,50,62.821889937330155
2016-05-19 08:20:00,60,50.85536058811118
2016-05-19 08:30:00,50,61.23022494643391
2016-05-19 08:40:00,50,50.069258566377094
2016-05-19 08:50:00,50,52.387335404399806
2016-05-19 09:00:00,50,54.793868119014945
2016-05-19 09:10:00,40,54.87077055819818
2016-05-19 09:20:00,20,46.43520838677579
2016-05-19 09:30:00,40,33.11514749763184
2016-05-19 09:40:00,30,51.43981288745837
2016-05-19 09:50:00,40,38.62879107159444
2016-05-19 10:00:00,60,52.80001880532908
2016-05-19 10:10:00,50,65.27439458562057
2016-05-19 10:20:00,60,54.40360258302681
2016-05-19 10:30:00,50,64.05484390364236
2016-05-19 10:40:00,50,54.75374183025696
2016-05-19 10:50:00,60,55.61421781510999
2016-05-19 11:00:00,40,65.5800825092866
2016-05-19 11:10:00,50,49.42547908630437
2016-05-19 11:20:00,50,60.95120093108197
2016-05-19 11:30:00,50,58.57080775792081
2016-05-19 11:40:00,60,59.52777462328169
2016-05-19 11:50:00,60,67.49478375700272
2016-05-19 12:00:00,60,68.93404463945612
2016-05-19 12:10:00,50,68.39882982921894
2016-05-19 12:20:00,70,59.99923689760484
2016-05-19 12:30:00,50,78.30634182079854
2016-05-19 12:40:00,60,58.26100405931071
2016-05-19 12:50:00,40,71.13193992362616
2016-05-19 13:00:00,50,56.55679915255268
2016-05-19 13:10:00,40,69.66267801224014
2016-05-19 13:20:00,50,57.71310250016743
2016-05-19 13:30:00,50,68.41602504655734
2016-05-19 13:40:00,50,63.573341457973314
2016-05-19 13:50:00,60,63.64266429769573
2016-05-19 14:00:00,50,72.01464714426629
2016-05-19 14:10:00,60,61.94261807701792
2016-05-19 14:20:00,50,70.67152903695869
2016-05-19 14:30:00,60,60.187638060623584
2016-05-19 14:40:00,80,70.76118488484923
2016-05-19 14:50:00,80,82.27939396766898
2016-05-19 15:00:00,80,80.97205213130296
2016-05-19 15:10:00,80,82.2599538944879
2016-05-19 15:20:00,80,85.17399304070355
2016-05-19 15:30:00,80,85.73938889519582
2016-05-19 15:40:00,90,85.26195505274842
2016-05-19 15:50:00,80,94.00331761114069
2016-05-19 16:00:00,100,84.39646207140896
2016-05-19 16:10:00,90,103.5660352829713
2016-05-19 16:20:00,90,93.4924738652619
2016-05-19 16:30:00,80,98.17573361905936
2016-05-19 16:40:00,100,91.2003452607245
2016-05-19 16:50:00,80,118.21596418187602
2016-05-19 17:00:00,70,86.39839922393185
2016-05-19 17:10:00,90,84.4232454878016
2016-05-19 17:20:00,70,101.71950329933043
2016-05-19 17:30:00,100,83.34298843102226
2016-05-19 17:40:00,400,109.70137932686833
2016-05-19 17:50:00,520,333.5826208351815
2016-05-19 18:00:00,160,363.1642009622026
2016-05-19 18:10:00,100,81.67994866505325
2016-05-19 18:20:00,210,122.83563410731101
2016-05-19 18:30:00,110,202.7554446964255
2016-05-19 18:40:00,70,91.40797567600038
2016-05-19 18:50:00,70,83.14759428693061
2016-05-19 19:00:00,70,99.32251605764411
2016-05-19 19:10:00,100,100.50280582701927
2016-05-19 19:20:00,110,118.94136694099677
2016-05-19 19:30:00,100,128.48388797355236
2016-05-19 19:40:00,110,122.14817440598162
2016-05-19 19:50:00,100,123.2825333371631
2016-05-19 20:00:00,170,98.89212505469777
2016-05-19 20:10:00,110,161.5973146218226
2016-05-19 20:20:00,130,93.73266448685938
2016-05-19 20:30:00,120,123.95442331422973
2016-05-19 20:40:00,90,109.76203040904122
2016-05-19 20:50:00,90,91.42576101115841
2016-05-19 21:00:00,70,90.51477404136982
2016-05-19 21:10:00,80,77.97871255442347
2016-05-19 21:20:00,70,97.59847036351192
2016-05-19 21:30:00,60,77.96425875381829
2016-05-19 21:40:00,60,74.66901684045172
2016-05-19 21:50:00,60,75.61457873099053
2016-05-19 22:00:00,50,70.04874973749921
2016-05-19 22:10:00,50,59.468584584621546
2016-05-19 22:20:00,50,62.36680415318894
2016-05-19 22:30:00,50,60.39644825521185
2016-05-19 22:40:00,50,59.18356999484378
2016-05-19 22:50:00,50,58.13375351726857
2016-05-19 23:00:00,60,52.86469459022632
2016-05-19 23:10:00,50,61.152900381185376
2016-05-19 23:20:00,60,50.70107278155536
2016-05-19 23:30:00,60,60.913780769669046
2016-05-19 23:40:00,50,58.50145522741393
2016-05-19 23:50:00,60,51.58887138319071
2016-05-20 00:00:00,40,67.3341671574466
2016-05-20 00:10:00,50,50.3511589677515
2016-05-20 00:20:00,50,62.68966242874528
2016-05-20 00:30:00,60,59.7420964677686
2016-05-20 00:40:00,40,68.47085785048007
2016-05-20 00:50:00,70,50.62116636074697
2016-05-20 01:00:00,50,75.55435030431835
2016-05-20 01:10:00,50,53.319042570631524
2016-05-20 01:20:00,60,58.8718701518291
2016-05-20 01:30:00,50,64.50783551557967
2016-05-20 01:40:00,60,55.7017166668517
2016-05-20 01:50:00,40,63.89677988983303
2016-05-20 02:00:00,50,44.30240050604118
2016-05-20 02:10:00,40,56.15363682994713
2016-05-20 02:20:00,30,44.18161340263021
2016-05-20 02:30:00,20,39.38076521596396
2016-05-20 02:40:00,30,32.00833306555879
2016-05-20 02:50:00,50,41.77027900126594
2016-05-20 03:00:00,70,52.58944753116063
2016-05-20 03:10:00,60,65.50165743915655
2016-05-20 03:20:00,50,56.37439250516903
2016-05-20 03:30:00,60,52.658762743312025
2016-05-20 03:40:00,60,61.84254555733738
2016-05-20 03:50:00,50,58.80326622483496
2016-05-20 04:00:00,50,51.61674834336321
2016-05-20 04:10:00,50,53.86751378310153
2016-05-20 04:20:00,50,53.92523684109435
2016-05-20 04:30:00,50,54.12156311651174
2016-05-20 04:40:00,50,54.85780976684849
2016-05-20 04:50:00,60,56.006192500937175
2016-05-20 05:00:00,80,64.98332489134941
2016-05-20 05:10:00,80,86.46243813917218
2016-05-20 05:20:00,50,73.73048169776821
2016-05-20 05:30:00,60,50.703913937290764
2016-05-20 05:40:00,60,73.36805938856259
2016-05-20 05:50:00,40,61.2231418735835
2016-05-20 06:00:00,60,47.22867926158516
2016-05-20 06:10:00,50,65.13836618386
2016-05-20 06:20:00,50,52.58233121005459
2016-05-20 06:30:00,60,62.55930568505903
2016-05-20 06:40:00,90,85.87546285683949
2016-05-20 06:50:00,90,99.25907416605986
2016-05-20 07:00:00,80,97.03360268299278
2016-05-20 07:10:00,90,90.49859757718582
2016-05-20 07:20:00,80,99.63742294514428
2016-05-20 07:30:00,70,97.62264033881212
2016-05-20 07:40:00,80,66.45931946457071
2016-05-20 07:50:00,80,76.29159739514972
2016-05-20 08:00:00,110,78.34117967966245
2016-05-20 08:10:00,130,118.05912089665135
2016-05-20 08:20:00,170,128.66126541752283
2016-05-20 08:30:00,130,160.00833958644307
2016-05-20 08:40:00,130,131.9224171334006
2016-05-20 08:50:00,90,134.69250791052838
2016-05-20 09:00:00,70,104.99714604407691
2016-05-20 09:10:00,60,96.1835338189051
2016-05-20 09:20:00,90,88.2941279279234
2016-05-20 09:30:00,80,114.0155532083412
2016-05-20 09:40:00,80,107.9514511219534
2016-05-20 09:50:00,60,103.87718253852074
2016-05-20 10:00:00,100,92.70167123370469
2016-05-20 10:10:00,80,127.1692693437574
2016-05-20 10:20:00,70,100.5315843273227
2016-05-20 10:30:00,90,105.75173202248835
2016-05-20 10:40:00,70,112.56636830013
2016-05-20 10:50:00,80,93.04191722443883
2016-05-20 11:00:00,70,107.99015010760628
2016-05-20 11:10:00,80,106.52702177230677
2016-05-20 11:20:00,60,109.04980199814798
2016-05-20 11:30:00,60,90.39255542767131
2016-05-20 11:40:00,120,103.96710158815802
2016-05-20 11:50:00,50,139.70095976159658
2016-05-20 12:00:00,70,77.3443997489517
2016-05-20 12:10:00,60,109.45349701090119
2016-05-20 12:20:00,90,93.9086394013978
2016-05-20 12:30:00,70,127.032409884215
2016-05-20 12:40:00,70,76.39406709307838
2016-05-20 12:50:00,70,84.90438908962028
2016-05-20 13:00:00,70,85.86196466053993
2016-05-20 13:10:00,60,86.59320153841091
2016-05-20 13:20:00,70,77.22766167534255
2016-05-20 13:30:00,60,87.51025989106996
2016-05-20 13:40:00,50,78.12697500175001
2016-05-20 13:50:00,60,73.39431086098156
2016-05-20 14:00:00,60,84.2768900198017
2016-05-20 14:10:00,70,81.26499096972114
2016-05-20 14:20:00,60,89.09855143312282
2016-05-20 14:30:00,60,78.91220282371654
2016-05-20 14:40:00,50,80.86218760411549
2016-05-20 14:50:00,60,72.11242676207058
2016-05-20 15:00:00,50,81.70186394555282
2016-05-20 15:10:00,40,71.17560182652045
2016-05-20 15:20:00,50,65.57956817669047
2016-05-20 15:30:00,50,74.23027160028738
2016-05-20 15:40:00,50,72.26528438282526
2016-05-20 15:50:00,40,72.24164441834094
2016-05-20 16:00:00,30,63.507867084310426
2016-05-20 16:10:00,40,57.38696659552495
2016-05-20 16:20:00,30,64.50656803917312
2016-05-20 16:30:00,60,54.293167236200034
2016-05-20 16:40:00,60,78.45141205911514
2016-05-20 16:50:00,70,72.79189395669331
2016-05-20 17:00:00,90,81.23260769680992
2016-05-20 17:10:00,60,95.6681368960209
2016-05-20 17:20:00,80,71.07239941282661
2016-05-20 17:30:00,70,92.38530719962948
2016-05-20 17:40:00,80,78.04204995649542
2016-05-20 17:50:00,70,89.11191918141171
2016-05-20 18:00:00,90,82.82232002715587
2016-05-20 18:10:00,80,94.17929605019032
2016-05-20 18:20:00,80,82.30099208706451
2016-05-20 18:30:00,70,87.19039059668977
2016-05-20 18:40:00,70,78.47648975649183
2016-05-20 18:50:00,80,81.37050264656709
2016-05-20 19:00:00,70,83.54022756329732
2016-05-20 19:10:00,60,73.0653331983318
2016-05-20 19:20:00,60,67.75511896465757
2016-05-20 19:30:00,70,70.26981174720895
2016-05-20 19:40:00,60,78.90978454216692
2016-05-20 19:50:00,70,70.15748976582465
2016-05-20 20:00:00,70,76.95072005828692
2016-05-20 20:10:00,70,75.42368311211769
2016-05-20 20:20:00,70,76.68600465971468
2016-05-20 20:30:00,70,76.99225153628134
2016-05-20 20:40:00,80,78.14462263268223
2016-05-20 20:50:00,60,85.50581977982462
2016-05-20 21:00:00,70,62.97864240728647
2016-05-20 21:10:00,60,75.26095719447207
2016-05-20 21:20:00,80,72.82722504152049
2016-05-20 21:30:00,70,82.22662484528955
2016-05-20 21:40:00,50,70.1975522404933
2016-05-20 21:50:00,60,58.6031804134564
2016-05-20 22:00:00,40,65.23121960722239
2016-05-20 22:10:00,60,56.406636903040145
2016-05-20 22:20:00,50,67.85645654552692
2016-05-20 22:30:00,60,55.65682843085957
2016-05-20 22:40:00,60,68.85242992362566
2016-05-20 22:50:00,50,65.88877018404528
2016-05-20 23:00:00,50,55.10259027616045
2016-05-20 23:10:00,50,56.54526468167964
2016-05-20 23:20:00,50,57.337222689892414
2016-05-20 23:30:00,50,57.75956714334859
2016-05-20 23:40:00,40,57.86427997086908
2016-05-20 23:50:00,30,51.55805385104472
2016-05-21 00:00:00,40,49.625282978570915
2016-05-21 00:10:00,40,58.817156527144164
2016-05-21 00:20:00,40,56.25481686912168
2016-05-21 00:30:00,60,56.64965083790265
2016-05-21 00:40:00,60,72.59102375301185
2016-05-21 00:50:00,50,69.26829870464678
2016-05-21 01:00:00,60,59.105535035357875
2016-05-21 01:10:00,50,68.68413687281016
2016-05-21 01:20:00,50,58.58082879089763
2016-05-21 01:30:00,50,59.3039211578946
2016-05-21 01:40:00,50,59.13052304470293
2016-05-21 01:50:00,50,60.5515685403483
2016-05-21 02:00:00,60,56.903510759183746
2016-05-21 02:10:00,50,65.41924691420553
2016-05-21 02:20:00,60,56.68319685940173
2016-05-21 02:30:00,50,67.7998836555362
2016-05-21 02:40:00,60,57.866466139410235
2016-05-21 02:50:00,60,67.5939310407442
2016-05-21 03:00:00,40,64.41904729797955
2016-05-21 03:10:00,50,49.27342896382339
2016-05-21 03:20:00,50,59.81382036543677
2016-05-21 03:30:00,40,57.92651173345047
2016-05-21 03:40:00,60,50.30728402362256
2016-05-21 03:50:00,50,67.84280848066513
2016-05-21 04:00:00,60,56.53876934512236
2016-05-21 04:10:00,60,66.60032917670895
2016-05-21 04:20:00,60,64.3208725902466
2016-05-21 04:30:00,50,64.87633216333536
2016-05-21 04:40:00,60,56.2477676701416
2016-05-21 04:50:00,50,66.17995390432313
2016-05-21 05:00:00,70,56.21834494089897
2016-05-21 05:10:00,40,74.61322675517629
2016-05-21 05:20:00,50,47.925675218796314
2016-05-21 05:30:00,50,62.60627708182161
2016-05-21 05:40:00,50,58.952516428342115
2016-05-21 05:50:00,50,59.808981000470624
2016-05-21 06:00:00,50,61.78864160904375
2016-05-21 06:10:00,60,62.662795159658316
2016-05-21 06:20:00,60,69.23823588915153
2016-05-21 06:30:00,50,67.5423442542341
2016-05-21 06:40:00,60,61.26930738943111
2016-05-21 06:50:00,80,70.63786180954294
2016-05-21 07:00:00,80,87.70531619095435
2016-05-21 07:10:00,50,81.98177627214777
2016-05-21 07:20:00,50,58.598671376701965
2016-05-21 07:30:00,60,64.12587330703407
2016-05-21 07:40:00,50,69.38140185482968
2016-05-21 07:50:00,50,57.075346288660064
2016-05-21 08:00:00,80,63.47648842017134
2016-05-21 08:10:00,330,94.33790064915712
2016-05-21 08:20:00,280,273.51791565245674
2016-05-21 08:30:00,130,192.41831835960758
2016-05-21 08:40:00,330,104.71712308784075
2016-05-21 08:50:00,100,288.38006759515434
2016-05-21 09:00:00,100,68.50075559292142
2016-05-21 09:10:00,80,111.73169439306474
2016-05-21 09:20:00,90,85.5551117735127
2016-05-21 09:30:00,390,103.16764306379768
2016-05-21 09:40:00,790,322.53801893468466
2016-05-21 09:50:00,410,593.1072118072832
2016-05-21 10:00:00,270,258.63850380070045
2016-05-21 10:10:00,340,255.76976457284437
2016-05-21 10:20:00,270,315.3550492041688
2016-05-21 10:30:00,340,224.46218710357044
2016-05-21 10:40:00,610,278.4773737956874
2016-05-21 10:50:00,470,485.8327577315933
2016-05-21 11:00:00,110,350.178969891762
2016-05-21 11:10:00,590,116.15266299851369
2016-05-21 11:20:00,720,555.591892542176
2016-05-21 11:30:00,600,549.1550670310494
2016-05-21 11:40:00,260,451.35626377797877
2016-05-21 11:50:00,310,221.48188270872942
2016-05-21 12:00:00,270,339.27861173006073
2016-05-21 12:10:00,250,257.28229848982687
2016-05-21 12:20:00,270,244.0473574033489
2016-05-21 12:30:00,230,265.99446302465896
2016-05-21 12:40:00,200,244.48276613041082
2016-05-21 12:50:00,150,219.49516613881482
2016-05-21 13:00:00,80,183.17371390941682
2016-05-21 13:10:00,550,147.18324092908605
2016-05-21 13:20:00,620,502.35147545944534
2016-05-21 13:30:00,250,457.77724157242807
2016-05-21 13:40:00,300,185.38504101549432
2016-05-21 13:50:00,260,304.3649741325237
2016-05-21 14:00:00,220,248.3185176266548
2016-05-21 14:10:00,270,213.37293292255134
2016-05-21 14:20:00,220,245.03162800364893
2016-05-21 14:30:00,110,211.6312949349245
2016-05-21 14:40:00,480,136.36261615611045
2016-05-21 14:50:00,520,442.3229319758403
2016-05-21 15:00:00,380,403.6827457986259
2016-05-21 15:10:00,550,315.295788316244
2016-05-21 15:20:00,540,476.3065225038505
2016-05-21 15:30:00,340,439.6579322672856
2016-05-21 15:40:00,220,276.65552018438825
2016-05-21 15:50:00,140,221.6303298047905
2016-05-21 16:00:00,110,177.29206830655824
2016-05-21 16:10:00,90,152.82765814936
2016-05-21 16:20:00,110,143.29304716462275
2016-05-21 16:30:00,100,159.02211000034455
2016-05-21 16:40:00,90,151.64273864919872
2016-05-21 16:50:00,100,142.33354474685808
2016-05-21 17:00:00,120,141.55654984212072
2016-05-21 17:10:00,110,149.27340737838563
2016-05-21 17:20:00,90,127.63230399330652
2016-05-21 17:30:00,80,106.26942281079155
2016-05-21 17:40:00,90,105.20827789713046
2016-05-21 17:50:00,80,102.0492726991202
2016-05-21 18:00:00,150,86.64327082715974
2016-05-21 18:10:00,130,143.2525268754951
2016-05-21 18:20:00,120,123.83597976655773
2016-05-21 18:30:00,120,116.68271728055817
2016-05-21 18:40:00,120,117.60269478910777
2016-05-21 18:50:00,110,126.51324696350375
2016-05-21 19:00:00,110,111.85750685517856
2016-05-21 19:10:00,110,114.42613285355198
2016-05-21 19:20:00,110,114.21350870626331
2016-05-21 19:30:00,110,114.51990476770793
2016-05-21 19:40:00,110,115.04656130984259
2016-05-21 19:50:00,100,115.84443452068315
2016-05-21 20:00:00,110,103.96166490927214
2016-05-21 20:10:00,100,120.79646408906135
2016-05-21 20:20:00,100,101.74283000761659
2016-05-21 20:30:00,100,95.52490751209692
2016-05-21 20:40:00,70,102.71392924279341
2016-05-21 20:50:00,90,79.41738770720649
2016-05-21 21:00:00,100,94.36781027167962
2016-05-21 21:10:00,110,96.49557912059134
2016-05-21 21:20:00,340,94.88903370589118
2016-05-21 21:30:00,90,271.9063609984811
2016-05-21 21:40:00,90,39.5629536927255
2016-05-21 21:50:00,80,100.78696544670275
2016-05-21 22:00:00,90,73.39016296485326
2016-05-21 22:10:00,60,82.0934178668516
2016-05-21 22:20:00,80,44.84586188297137
2016-05-21 22:30:00,70,77.91413615030686
2016-05-21 22:40:00,70,64.18685820530324
2016-05-21 22:50:00,70,67.8772762274598
2016-05-21 23:00:00,70,61.59531624136013
2016-05-21 23:10:00,160,62.36739997207345
2016-05-21 23:20:00,410,130.3437779358124
2016-05-21 23:30:00,140,303.0006341974117
2016-05-21 23:40:00,60,56.24429299306085
2016-05-21 23:50:00,50,63.111433534368146
2016-05-22 00:00:00,60,58.282516009786875
2016-05-22 00:10:00,60,58.33975472739896
2016-05-22 00:20:00,60,43.36433104169449
2016-05-22 00:30:00,60,56.12634680946184
2016-05-22 00:40:00,60,59.735918921326416
2016-05-22 00:50:00,60,60.058104729899924
2016-05-22 01:00:00,50,55.87242609250074
2016-05-22 01:10:00,60,47.95246766758994
2016-05-22 01:20:00,60,55.32477390877993
2016-05-22 01:30:00,50,45.1259742064461
2016-05-22 01:40:00,60,36.2150495956521
2016-05-22 01:50:00,60,45.78996064373431
2016-05-22 02:00:00,50,41.50687827407521
2016-05-22 02:10:00,50,33.859253504423776
2016-05-22 02:20:00,50,35.649451501134976
2016-05-22 02:30:00,50,35.38285473466735
2016-05-22 02:40:00,50,34.7032800661598
2016-05-22 02:50:00,60,34.49606332923709
2016-05-22 03:00:00,50,41.217464527023026
2016-05-22 03:10:00,50,31.71643835856979
2016-05-22 03:20:00,60,34.05974563572283
2016-05-22 03:30:00,50,41.06221079994309
2016-05-22 03:40:00,60,31.561184631490477
2016-05-22 03:50:00,50,41.171301737832025
2016-05-22 04:00:00,60,31.298772235994676
2016-05-22 04:10:00,50,41.68923182483431
2016-05-22 04:20:00,60,31.214476180457325
2016-05-22 04:30:00,50,42.07729370088343
2016-05-22 04:40:00,60,31.602538056505537
2016-05-22 04:50:00,50,42.465355576931984
2016-05-22 05:00:00,60,32.92533352084931
2016-05-22 05:10:00,50,43.796634948675475
2016-05-22 05:20:00,50,33.33036321169806
2016-05-22 05:30:00,40,36.223117180250284
2016-05-22 05:40:00,50,27.51488047840769
2016-05-22 05:50:00,50,37.375684548103806
2016-05-22 06:00:00,50,36.70671862733768
2016-05-22 06:10:00,50,37.66245069969539
2016-05-22 06:20:00,60,37.815228142214664
2016-05-22 06:30:00,70,45.99750923202426
2016-05-22 06:40:00,60,51.67818068640809
2016-05-22 06:50:00,60,42.88461251195909
2016-05-22 07:00:00,60,49.045953203716266
2016-05-22 07:10:00,60,48.567624655213656
2016-05-22 07:20:00,60,48.368936616947
2016-05-22 07:30:00,70,48.15112936086957
2016-05-22 07:40:00,70,56.875704645048295
2016-05-22 07:50:00,60,55.391339503232324
2016-05-22 08:00:00,60,60.86829861904308
2016-05-22 08:10:00,50,54.82444711517056
2016-05-22 08:20:00,60,46.727073379003045
2016-05-22 08:30:00,220,55.74342818399755
2016-05-22 08:40:00,490,177.0798781709497
2016-05-22 08:50:00,260,359.43979108178326
2016-05-22 09:00:00,120,150.49059017539724
2016-05-22 09:10:00,120,108.14899907957226
2016-05-22 09:20:00,100,124.58868327417215
2016-05-22 09:30:00,130,95.11442539245839
2016-05-22 09:40:00,100,109.72725637011843
2016-05-22 09:50:00,110,91.47735513463788
2016-05-22 10:00:00,80,118.92550295392283
2016-05-22 10:10:00,90,93.11224704282871
2016-05-22 10:20:00,80,109.01030238035956
2016-05-22 10:30:00,150,96.79866801686978
2016-05-22 10:40:00,490,151.97954551851203
2016-05-22 10:50:00,320,393.3732131817221
2016-05-22 11:00:00,360,208.8886747125619
2016-05-22 11:10:00,470,297.1032904194559
2016-05-22 11:20:00,410,371.507843319084
2016-05-22 11:30:00,290,310.7686148726223
2016-05-22 11:40:00,280,225.7909380875995
2016-05-22 11:50:00,250,251.92905634479771
2016-05-22 12:00:00,190,228.80984999578322
2016-05-22 12:10:00,130,187.12558465440307
2016-05-22 12:20:00,110,155.72734891781903
2016-05-22 12:30:00,110,155.22950037928766
2016-05-22 12:40:00,120,150.2354101373465
2016-05-22 12:50:00,100,145.06962679696466
2016-05-22 13:00:00,100,130.96642146881757
2016-05-22 13:10:00,100,133.58990303990973
2016-05-22 13:20:00,110,124.50439918212322
2016-05-22 13:30:00,110,125.15386418676727
2016-05-22 13:40:00,100,118.59948548392416
2016-05-22 13:50:00,100,109.82657384520334
2016-05-22 14:00:00,110,110.63586770897578
2016-05-22 14:10:00,110,115.01341628532712
2016-05-22 14:20:00,110,111.68860607782364
2016-05-22 14:30:00,110,113.33625064078392
2016-05-22 14:40:00,100,114.89297214678362
2016-05-22 14:50:00,100,108.22184487751619
2016-05-22 15:00:00,90,108.46961531513773
2016-05-22 15:10:00,100,99.56708553524217
2016-05-22 15:20:00,100,109.49284744913257
2016-05-22 15:30:00,110,105.71669514499821
2016-05-22 15:40:00,90,114.42116905858904
2016-05-22 15:50:00,90,96.67560392291234
2016-05-22 16:00:00,90,101.20767544688768
2016-05-22 16:10:00,80,100.45503697149282
2016-05-22 16:20:00,100,92.7191049958175
2016-05-22 16:30:00,90,109.50749154542339
2016-05-22 16:40:00,90,98.24279864685327
2016-05-22 16:50:00,80,101.77408312897194
2016-05-22 17:00:00,210,91.86153128967594
2016-05-22 17:10:00,440,194.87827876580224
2016-05-22 17:20:00,340,348.3487078568695
2016-05-22 17:30:00,240,239.6201069515812
2016-05-22 17:40:00,200,198.9735903454926
2016-05-22 17:50:00,160,187.15116457547924
2016-05-22 18:00:00,130,151.0944248680497
2016-05-22 18:10:00,110,123.47467132876993
2016-05-22 18:20:00,120,117.51449831711793
2016-05-22 18:30:00,110,133.0971636919234
2016-05-22 18:40:00,120,125.23085961013581
2016-05-22 18:50:00,130,147.6259371131028
2016-05-22 19:00:00,110,143.21662139261576
2016-05-22 19:10:00,110,125.45273827932829
2016-05-22 19:20:00,110,122.06246046991865
2016-05-22 19:30:00,90,117.19477389554551
2016-05-22 19:40:00,80,99.68464922071985
2016-05-22 19:50:00,80,92.04908030944185
2016-05-22 20:00:00,90,87.32115941214138
2016-05-22 20:10:00,120,92.75274351625768
2016-05-22 20:20:00,120,113.53659141643622
2016-05-22 20:30:00,130,108.84398952104841
2016-05-22 20:40:00,120,126.81248131756143
2016-05-22 20:50:00,120,109.82935694515096
2016-05-22 21:00:00,90,106.04105236872275
2016-05-22 21:10:00,100,88.52821726498152
2016-05-22 21:20:00,100,93.97401662826927
2016-05-22 21:30:00,90,90.47144298415847
2016-05-22 21:40:00,80,83.73430764379046
2016-05-22 21:50:00,70,78.66665816469757
2016-05-22 22:00:00,80,67.9805182750691
2016-05-22 22:10:00,60,77.26515756432883
2016-05-22 22:20:00,80,58.78898357439585
2016-05-22 22:30:00,100,78.35161839033091
2016-05-22 22:40:00,80,89.0515174955819
2016-05-22 22:50:00,70,71.91590957752896
2016-05-22 23:00:00,60,63.97946960964632
2016-05-22 23:10:00,60,58.11495499528793
2016-05-22 23:20:00,60,58.728223554388634
2016-05-22 23:30:00,60,57.192351321157204
2016-05-22 23:40:00,60,57.70378860914151
2016-05-22 23:50:00,60,57.69709284643207
2016-05-23 00:00:00,60,66.7870808016163
2016-05-23 00:10:00,60,65.99472993933963
2016-05-23 00:20:00,60,66.97501295412545
2016-05-23 00:30:00,60,67.18618487984452
2016-05-23 00:40:00,60,66.3912172794053
2016-05-23 00:50:00,50,67.01662077569395
2016-05-23 01:00:00,50,56.64616878082453
2016-05-23 01:10:00,50,57.961412004747
2016-05-23 01:20:00,50,57.235114381927296
2016-05-23 01:30:00,50,57.57879708778982
2016-05-23 01:40:00,50,57.45937150410434
2016-05-23 01:50:00,60,57.81926738808067
2016-05-23 02:00:00,50,63.12073415317075
2016-05-23 02:10:00,60,53.65349527763992
2016-05-23 02:20:00,60,63.86797316591057
2016-05-23 02:30:00,60,62.177741129485185
2016-05-23 02:40:00,60,62.64031060111809
2016-05-23 02:50:00,60,61.79177511297027
2016-05-23 03:00:00,50,60.36798549637736
2016-05-23 03:10:00,60,52.43296543736309
2016-05-23 03:20:00,50,62.59165153398944
2016-05-23 03:30:00,50,52.69313314035504
2016-05-23 03:40:00,50,55.02782846481378
2016-05-23 03:50:00,50,54.13838325896353
2016-05-23 04:00:00,50,53.82206453538476
2016-05-23 04:10:00,50,53.26002387069986
2016-05-23 04:20:00,40,54.578395023872204
2016-05-23 04:30:00,50,46.717823028689544
2016-05-23 04:40:00,50,56.18788858915709
2016-05-23 04:50:00,60,54.16952952655665
2016-05-23 05:00:00,90,63.588548424373016
2016-05-23 05:10:00,60,84.13315247389855
2016-05-23 05:20:00,70,55.031590803675584
2016-05-23 05:30:00,70,78.43426869573221
2016-05-23 05:40:00,50,66.75385809335293
2016-05-23 05:50:00,60,52.06246500644925
2016-05-23 06:00:00,60,64.92277307333899
2016-05-23 06:10:00,60,63.054397693230996
2016-05-23 06:20:00,50,71.60653878038917
2016-05-23 06:30:00,80,55.78105152788835
2016-05-23 06:40:00,50,82.11168415197825
2016-05-23 06:50:00,60,51.845637016526624
2016-05-23 07:00:00,60,69.32587255639706
2016-05-23 07:10:00,50,64.64780942153192
2016-05-23 07:20:00,70,57.156552399385774
2016-05-23 07:30:00,50,71.12857916295789
2016-05-23 07:40:00,60,51.9838080053917
2016-05-23 07:50:00,50,72.43818406556024
2016-05-23 08:00:00,50,58.4044595381466
2016-05-23 08:10:00,50,60.06664925903239
2016-05-23 08:20:00,50,58.27440838196452
2016-05-23 08:30:00,50,58.839465834512254
2016-05-23 08:40:00,60,57.57408742417929
2016-05-23 08:50:00,50,65.67298820761843
2016-05-23 09:00:00,60,60.598531046271546
2016-05-23 09:10:00,50,70.29941176243445
2016-05-23 09:20:00,60,67.41015462869044
2016-05-23 09:30:00,50,69.15885742579816
2016-05-23 09:40:00,60,57.582574014365576
2016-05-23 09:50:00,50,67.64489970507282
2016-05-23 10:00:00,50,60.727593726359416
2016-05-23 10:10:00,50,63.3951682525462
2016-05-23 10:20:00,40,61.90465257171563
2016-05-23 10:30:00,60,54.5025318277005
2016-05-23 10:40:00,50,71.92266928473731
2016-05-23 10:50:00,60,60.33340355238252
2016-05-23 11:00:00,50,84.01135615336763
2016-05-23 11:10:00,60,66.08722188451355
2016-05-23 11:20:00,50,76.82275488961432
2016-05-23 11:30:00,60,65.05225096308098
2016-05-23 11:40:00,60,75.95824496327221
2016-05-23 11:50:00,60,72.85796571652108
2016-05-23 12:00:00,40,76.3406332630021
2016-05-23 12:10:00,50,58.19629113442523
2016-05-23 12:20:00,60,70.70926291700297
2016-05-23 12:30:00,60,83.2878436898657
2016-05-23 12:40:00,80,73.95136932500193
2016-05-23 12:50:00,80,90.42229136293243
2016-05-23 13:00:00,50,91.33974598117251
2016-05-23 13:10:00,60,69.13630768280404
2016-05-23 13:20:00,60,81.91752075199082
2016-05-23 13:30:00,50,78.89958479952818
2016-05-23 13:40:00,60,70.78261355092903
2016-05-23 13:50:00,60,79.87147823833436
2016-05-23 14:00:00,60,81.11838855783901
2016-05-23 14:10:00,50,80.61815157658526
2016-05-23 14:20:00,60,73.32535995580915
2016-05-23 14:30:00,40,83.78542292191432
2016-05-23 14:40:00,70,65.47760023900605
2016-05-23 14:50:00,70,89.46045669957293
2016-05-23 15:00:00,70,84.48265782052566
2016-05-23 15:10:00,70,86.57926749764768
2016-05-23 15:20:00,80,86.02750720670002
2016-05-23 15:30:00,60,94.83719539485176
2016-05-23 15:40:00,90,76.27512563712096
2016-05-23 15:50:00,70,104.28620612184439
2016-05-23 16:00:00,70,81.20987639581631
2016-05-23 16:10:00,60,86.47181272629948
2016-05-23 16:20:00,70,77.75525263748301
2016-05-23 16:30:00,100,88.71250745495753
2016-05-23 16:40:00,290,108.66199407460823
2016-05-23 16:50:00,350,253.11256418414143
2016-05-23 17:00:00,270,267.4463521228997
2016-05-23 17:10:00,230,211.10891994675973
2016-05-23 17:20:00,240,199.55511720371916
2016-05-23 17:30:00,590,214.83808245451007
2016-05-23 17:40:00,490,473.4410084676365
2016-05-23 17:50:00,460,326.659915316497
2016-05-23 18:00:00,160,352.4090185744076
2016-05-23 18:10:00,120,132.72925105542976
2016-05-23 18:20:00,110,166.17030229676394
2016-05-23 18:30:00,120,131.1324181064278
2016-05-23 18:40:00,120,144.447818564405
2016-05-23 18:50:00,110,140.22221431461298
2016-05-23 19:00:00,170,138.56801113648538
2016-05-23 19:10:00,110,184.917816598012
2016-05-23 19:20:00,110,123.31801858602802
2016-05-23 19:30:00,110,134.12409332989637
2016-05-23 19:40:00,110,119.6275103767889
2016-05-23 19:50:00,110,112.89396677614744
2016-05-23 20:00:00,110,98.27661031862752
2016-05-23 20:10:00,110,100.95035617891327
2016-05-23 20:20:00,100,101.59503367148992
2016-05-23 20:30:00,110,94.17715705586252
2016-05-23 20:40:00,100,104.22115727009495
2016-05-23 20:50:00,100,110.23285853205547
2016-05-23 21:00:00,80,108.47288387508851
2016-05-23 21:10:00,70,92.00190292352343
2016-05-23 21:20:00,70,88.75733143062327
2016-05-23 21:30:00,60,97.3512584656352
2016-05-23 21:40:00,70,82.05355995248217
2016-05-23 21:50:00,60,90.29051873368775
2016-05-23 22:00:00,60,76.06426073340333
2016-05-23 22:10:00,70,78.2947966015525
2016-05-23 22:20:00,70,92.6349505862506
2016-05-23 22:30:00,70,74.6148579221973
2016-05-23 22:40:00,60,66.80440575482835
2016-05-23 22:50:00,50,59.977826840511526
2016-05-23 23:00:00,70,47.7694787062684
2016-05-23 23:10:00,50,63.768265027138
2016-05-23 23:20:00,60,44.74670010652522
2016-05-23 23:30:00,60,57.86661012387036
2016-05-23 23:40:00,50,56.68453595707522
2016-05-23 23:50:00,60,50.714704885975856
2016-05-24 00:00:00,60,61.88204122053965
2016-05-24 00:10:00,50,60.63584509296106
2016-05-24 00:20:00,40,53.152168607796746
2016-05-24 00:30:00,50,47.63498162618199
2016-05-24 00:40:00,50,56.781879643232436
2016-05-24 00:50:00,50,53.79148359917414
2016-05-24 01:00:00,50,51.13865321722887
2016-05-24 01:10:00,60,50.90959355782745
2016-05-24 01:20:00,60,59.6256049553637
2016-05-24 01:30:00,60,57.51543787235324
2016-05-24 01:40:00,60,58.745315293727415
2016-05-24 01:50:00,50,58.7735968463884
2016-05-24 02:00:00,60,48.55917184926457
2016-05-24 02:10:00,50,57.78223784485287
2016-05-24 02:20:00,60,48.230942849482986
2016-05-24 02:30:00,50,58.37138505898474
2016-05-24 02:40:00,60,48.91361749797265
2016-05-24 02:50:00,50,59.20117375584527
2016-05-24 03:00:00,50,47.420815317227635
2016-05-24 03:10:00,50,50.524150150328246
2016-05-24 03:20:00,50,49.54127166948596
2016-05-24 03:30:00,50,49.63264104158996
2016-05-24 03:40:00,60,48.32925334811633
2016-05-24 03:50:00,60,57.255711712751875
2016-05-24 04:00:00,50,55.0059775577085
2016-05-24 04:10:00,50,47.74307637422609
2016-05-24 04:20:00,50,49.56787951711934
2016-05-24 04:30:00,60,49.77589686265294
2016-05-24 04:40:00,60,56.339929426773594
2016-05-24 04:50:00,50,54.45196662342789
2016-05-24 05:00:00,90,49.231572784369035
2016-05-24 05:10:00,50,81.68508025184839
2016-05-24 05:20:00,40,42.46337262957007
2016-05-24 05:30:00,60,44.57619448060195
2016-05-24 05:40:00,340,59.38749770580452
2016-05-24 05:50:00,60,272.4462039545182
2016-05-24 06:00:00,70,6.814540633680565
2016-05-24 06:10:00,70,87.96441851197822
2016-05-24 06:20:00,70,70.94282506510828
2016-05-24 06:30:00,70,71.38619850928586
2016-05-24 06:40:00,80,58.702946836672844
2016-05-24 06:50:00,70,81.07096703199792
2016-05-24 07:00:00,90,75.21771097012676
2016-05-24 07:10:00,70,109.58547015561054
2016-05-24 07:20:00,80,91.09218860771367
2016-05-24 07:30:00,120,104.47522695763763
2016-05-24 07:40:00,400,115.21105838898754
2016-05-24 07:50:00,210,319.41106358834713
2016-05-24 08:00:00,60,129.31885260244255
2016-05-24 08:10:00,60,70.10458844614166
2016-05-24 08:20:00,60,88.79323840923233
2016-05-24 08:30:00,50,78.19118909940971
2016-05-24 08:40:00,60,56.15145573546477
2016-05-24 08:50:00,50,74.07741849323138
2016-05-24 09:00:00,30,75.3875249320304
2016-05-24 09:10:00,30,61.77958256924508
2016-05-24 09:20:00,30,63.800422371776165
2016-05-24 09:30:00,30,61.66672787023031
2016-05-24 09:40:00,60,59.31087759500337
2016-05-24 09:50:00,50,75.40666897955677
2016-05-24 10:00:00,60,64.26486291849973
2016-05-24 10:10:00,60,75.6583220211159
2016-05-24 10:20:00,60,73.6725133407932
2016-05-24 10:30:00,60,74.81218826292259
2016-05-24 10:40:00,70,69.00226309699087
2016-05-24 10:50:00,90,77.62822991723306
2016-05-24 11:00:00,90,94.12385582361955
2016-05-24 11:10:00,100,92.30916780805151
2016-05-24 11:20:00,110,102.63291010807404
2016-05-24 11:30:00,100,110.40773875609459
2016-05-24 11:40:00,110,102.09519365708485
2016-05-24 11:50:00,100,111.5507157977083
2016-05-24 12:00:00,170,105.38015141255154
2016-05-24 12:10:00,180,162.08020598106123
2016-05-24 12:20:00,110,155.1166186266094
2016-05-24 12:30:00,100,105.56568678632969
2016-05-24 12:40:00,110,111.75816787433143
2016-05-24 12:50:00,100,117.89435716616576
2016-05-24 13:00:00,110,106.94652282857561
2016-05-24 13:10:00,100,116.40523063904311
2016-05-24 13:20:00,110,109.09002217293649
2016-05-24 13:30:00,110,120.2585995038144
2016-05-24 13:40:00,140,117.25769785187657
2016-05-24 13:50:00,140,140.77539051490422
2016-05-24 14:00:00,150,137.50481023726363
2016-05-24 14:10:00,150,146.47812893772274
2016-05-24 14:20:00,150,144.1278726137095
2016-05-24 14:30:00,150,145.44208596287757
2016-05-24 14:40:00,150,146.36894990090434
2016-05-24 14:50:00,150,147.03159888093842
2016-05-24 15:00:00,160,147.0807363914376
2016-05-24 15:10:00,140,155.77096157375354
2016-05-24 15:20:00,140,149.5834522020138
2016-05-24 15:30:00,140,173.21705608808463
2016-05-24 15:40:00,140,165.3458929130283
2016-05-24 15:50:00,130,163.59518782619045
2016-05-24 16:00:00,140,153.84047179386016
2016-05-24 16:10:00,140,164.03336695354412
2016-05-24 16:20:00,140,159.65897073822467
2016-05-24 16:30:00,150,166.73998807457423
2016-05-24 16:40:00,140,165.55151707923784
2016-05-24 16:50:00,140,156.23123200005762
2016-05-24 17:00:00,150,156.0153414096927
2016-05-24 17:10:00,150,159.1197184230414
2016-05-24 17:20:00,150,166.33069527726195
2016-05-24 17:30:00,130,159.6151427595658
2016-05-24 17:40:00,160,145.25577405984757
2016-05-24 17:50:00,480,169.6742150571288
2016-05-24 18:00:00,260,400.3676458582122
2016-05-24 18:10:00,100,161.77417869657543
2016-05-24 18:20:00,110,103.88934671333828
2016-05-24 18:30:00,110,133.52885406948957
2016-05-24 18:40:00,120,121.02863876699783
2016-05-24 18:50:00,120,113.2641808152771
2016-05-24 19:00:00,110,115.10351411363585
2016-05-24 19:10:00,160,113.73902981486354
2016-05-24 19:20:00,110,152.43449694421574
2016-05-24 19:30:00,110,102.75899289369576
2016-05-24 19:40:00,120,114.89609881421147
2016-05-24 19:50:00,130,120.04916244361567
2016-05-24 20:00:00,120,115.53881289670821
2016-05-24 20:10:00,100,100.83076884706377
2016-05-24 20:20:00,90,93.72866793056951
2016-05-24 20:30:00,110,91.23093597567153
2016-05-24 20:40:00,80,107.79233277701375
2016-05-24 20:50:00,80,79.63090413038032
2016-05-24 21:00:00,80,90.63441093103035
2016-05-24 21:10:00,90,83.7827365020233
2016-05-24 21:20:00,80,91.14250936181618
2016-05-24 21:30:00,70,88.6684106165957
2016-05-24 21:40:00,60,92.97569978456227
2016-05-24 21:50:00,80,86.05826795738153
2016-05-24 22:00:00,60,104.85965632255662
2016-05-24 22:10:00,70,76.42341765916828
2016-05-24 22:20:00,60,88.96235100060666
2016-05-24 22:30:00,60,79.0751769755982
2016-05-24 22:40:00,70,80.84368280947908
2016-05-24 22:50:00,50,87.3246662804458
2016-05-24 23:00:00,70,57.99278783521313
2016-05-24 23:10:00,50,68.52239962893705
2016-05-24 23:20:00,60,47.024771203112984
2016-05-24 23:30:00,60,59.55655505412469
2016-05-24 23:40:00,50,55.950332085369
2016-05-24 23:50:00,60,50.730174302359295
2016-05-25 00:00:00,60,62.83266938432438
2016-05-25 00:10:00,50,61.74002577073056
2016-05-25 00:20:00,60,54.0549248143714
2016-05-25 00:30:00,50,63.53422474931593
2016-05-25 00:40:00,50,54.28538961262713
2016-05-25 00:50:00,50,56.498202420289076
2016-05-25 01:00:00,50,53.20815756547098
2016-05-25 01:10:00,50,53.90577829042081
2016-05-25 01:20:00,50,53.56806491477268
2016-05-25 01:30:00,50,53.55737060771298
2016-05-25 01:40:00,70,54.573741281914955
2016-05-25 01:50:00,50,70.61420339786727
2016-05-25 02:00:00,60,48.91506612233033
2016-05-25 02:10:00,50,61.501134428782855
2016-05-25 02:20:00,50,50.64887992514106
2016-05-25 02:30:00,60,53.00609178896992
2016-05-25 02:40:00,60,59.420401193255515
2016-05-25 02:50:00,60,58.84385736786713
2016-05-25 03:00:00,40,57.6175004500673
2016-05-25 03:10:00,50,43.39219790382431
2016-05-25 03:20:00,50,54.39343911801268
2016-05-25 03:30:00,50,51.32474733359301
2016-05-25 03:40:00,50,51.47568687746265
2016-05-25 03:50:00,50,51.03234014447443
2016-05-25 04:00:00,50,51.647150708155515
2016-05-25 04:10:00,60,51.345139403087465
2016-05-25 04:20:00,60,58.7599692064491
2016-05-25 04:30:00,50,56.69466901628398
2016-05-25 04:40:00,50,49.47104396639213
2016-05-25 04:50:00,60,51.53191396096294
2016-05-25 05:00:00,60,59.97829348115295
2016-05-25 05:10:00,80,57.515317090806306
2016-05-25 05:20:00,50,79.86924641802605
2016-05-25 05:30:00,50,45.111799578801
2016-05-25 05:40:00,50,52.42073155613498
2016-05-25 05:50:00,40,51.58304085914958
2016-05-25 06:00:00,30,46.170517579262324
2016-05-25 06:10:00,50,39.08742233701929
2016-05-25 06:20:00,50,56.492129518692295
2016-05-25 06:30:00,50,51.117041148832385
2016-05-25 06:40:00,80,51.52316026284819
2016-05-25 06:50:00,70,74.33430905521075
2016-05-25 07:00:00,70,63.76555503465205
2016-05-25 07:10:00,90,65.49163110107546
2016-05-25 07:20:00,50,79.15625341436188
2016-05-25 07:30:00,60,43.18325915415579
2016-05-25 07:40:00,60,57.79217134208865
2016-05-25 07:50:00,60,62.21745003721275
2016-05-25 08:00:00,70,75.91026965801555
2016-05-25 08:10:00,110,91.10533211403605
2016-05-25 08:20:00,60,114.33572001277872
2016-05-25 08:30:00,110,67.70229333809952
2016-05-25 08:40:00,70,117.75977958702461
2016-05-25 08:50:00,80,73.76852853771834
2016-05-25 09:00:00,100,102.99162408377168
2016-05-25 09:10:00,110,104.47912675998282
2016-05-25 09:20:00,70,113.54803643485117
2016-05-25 09:30:00,90,77.71363485932233
2016-05-25 09:40:00,80,103.49822372143655
2016-05-25 09:50:00,90,97.40883627311193
2016-05-25 10:00:00,50,98.26475687774025
2016-05-25 10:10:00,100,60.863872362536604
2016-05-25 10:20:00,70,93.33246629167326
2016-05-25 10:30:00,120,68.69925446982084
2016-05-25 10:40:00,80,110.0302089687181
2016-05-25 10:50:00,50,67.73786137345026
2016-05-25 11:00:00,60,60.00538502975203
2016-05-25 11:10:00,50,69.73272355355859
2016-05-25 11:20:00,50,58.24561242210341
2016-05-25 11:30:00,50,57.547494620403945
2016-05-25 11:40:00,50,58.76395894740397
2016-05-25 11:50:00,40,59.772148399182626
2016-05-25 12:00:00,60,54.550898512745235
2016-05-25 12:10:00,60,71.95657660459142
2016-05-25 12:20:00,60,65.7196724358972
2016-05-25 12:30:00,50,65.16354562834209
2016-05-25 12:40:00,60,55.90384556628018
2016-05-25 12:50:00,70,66.12716637096906
2016-05-25 13:00:00,50,73.36318909241163
2016-05-25 13:10:00,70,52.191099092884926
2016-05-25 13:20:00,80,74.25555361184703
2016-05-25 13:30:00,70,77.35510276897614
2016-05-25 13:40:00,90,68.23360750976443
2016-05-25 13:50:00,70,87.1087832654348
2016-05-25 14:00:00,80,70.4246772872907
2016-05-25 14:10:00,80,82.2737503339351
2016-05-25 14:20:00,80,79.51203061849267
2016-05-25 14:30:00,80,80.79384309138354
2016-05-25 14:40:00,70,80.4488842794384
2016-05-25 14:50:00,90,74.48241833365047
2016-05-25 15:00:00,80,91.29195054342637
2016-05-25 15:10:00,90,79.36901688661021
2016-05-25 15:20:00,70,89.82786044002984
2016-05-25 15:30:00,80,72.65247506901693
2016-05-25 15:40:00,80,85.02580677405422
2016-05-25 15:50:00,80,81.08767642805
2016-05-25 16:00:00,90,81.57483732212457
2016-05-25 16:10:00,420,88.55662444375737
2016-05-25 16:20:00,240,342.74868148095106
2016-05-25 16:30:00,270,145.06379615658025
2016-05-25 16:40:00,190,226.59575733664812
2016-05-25 16:50:00,180,153.60555707764613
2016-05-25 17:00:00,70,162.9707440750289
2016-05-25 17:10:00,80,61.566628416926264
2016-05-25 17:20:00,120,99.49575330129801
2016-05-25 17:30:00,190,121.45726630115296
2016-05-25 17:40:00,160,172.15845188926937
2016-05-25 17:50:00,90,139.38978804557445
2016-05-25 18:00:00,100,97.47631602565085
2016-05-25 18:10:00,170,117.93589469913462
2016-05-25 18:20:00,310,160.14773957597697
2016-05-25 18:30:00,120,252.47862168030127
2016-05-25 18:40:00,120,84.52588213228096
2016-05-25 18:50:00,120,132.2592568775302
2016-05-25 19:00:00,120,116.31287522268715
2016-05-25 19:10:00,120,114.10506273714357
2016-05-25 19:20:00,130,108.10281520047066
2016-05-25 19:30:00,110,124.92888960034874
2016-05-25 19:40:00,120,106.20544396438217
2016-05-25 19:50:00,110,117.48198268908186
2016-05-25 20:00:00,110,102.70807638943784
2016-05-25 20:10:00,240,105.65785591153522
2016-05-25 20:20:00,440,204.33293654949765
2016-05-25 20:30:00,160,333.3840932604735
2016-05-25 20:40:00,80,90.75306528069694
2016-05-25 20:50:00,110,105.53392452150214
2016-05-25 21:00:00,70,131.80410444730586
2016-05-25 21:10:00,70,67.25199923583422
2016-05-25 21:20:00,50,65.63403868893363
2016-05-25 21:30:00,50,59.64210333184738
2016-05-25 21:40:00,60,66.03255679010798
2016-05-25 21:50:00,40,69.61119802023843
2016-05-25 22:00:00,50,47.70238698873641
2016-05-25 22:10:00,50,58.75023504563212
2016-05-25 22:20:00,60,52.753928134549305
2016-05-25 22:30:00,50,52.8159689955541
2016-05-25 22:40:00,60,40.72835999521394
2016-05-25 22:50:00,50,51.681027975644355
2016-05-25 23:00:00,60,35.24494772218085
2016-05-25 23:10:00,50,45.08161392466543
2016-05-25 23:20:00,60,34.05306489393212
2016-05-25 23:30:00,50,44.802609989380834
2016-05-25 23:40:00,50,34.214581920026454
2016-05-25 23:50:00,50,36.98557955620201
2016-05-26 00:00:00,50,42.12935268556535
2016-05-26 00:10:00,50,42.798729772242154
2016-05-26 00:20:00,50,42.50427177793693
2016-05-26 00:30:00,60,42.953388383924676
2016-05-26 00:40:00,50,50.90869451760004
2016-05-26 00:50:00,60,41.369131178282245
2016-05-26 01:00:00,60,48.328679859543115
2016-05-26 01:10:00,60,45.944509739597386
2016-05-26 01:20:00,50,46.87972919185755
2016-05-26 01:30:00,50,38.794066856506234
2016-05-26 01:40:00,60,41.408822096544775
2016-05-26 01:50:00,50,48.26975732161118
2016-05-26 02:00:00,50,36.37416154336965
2016-05-26 02:10:00,40,39.036207767777704
2016-05-26 02:20:00,50,31.332315071478845
2016-05-26 02:30:00,50,40.9815306148415
2016-05-26 02:40:00,60,37.85441460182314
2016-05-26 02:50:00,50,46.76881022057782
2016-05-26 03:00:00,60,35.84397506253815
2016-05-26 03:10:00,50,46.55061081119334
2016-05-26 03:20:00,60,35.91967339504472
2016-05-26 03:30:00,50,46.35509247499285
2016-05-26 03:40:00,60,35.92529632172383
2016-05-26 03:50:00,60,46.612812852568645
2016-05-26 04:00:00,50,43.868560072545804
2016-05-26 04:10:00,50,37.55211646023552
2016-05-26 04:20:00,50,39.45756308241101
2016-05-26 04:30:00,50,39.55831239230273
2016-05-26 04:40:00,50,39.24608380015504
2016-05-26 04:50:00,50,39.18595265890362
2016-05-26 05:00:00,60,40.99255321672197
2016-05-26 05:10:00,50,49.12302256886878
2016-05-26 05:20:00,60,40.19914340940059
2016-05-26 05:30:00,50,50.87788467412433
2016-05-26 05:40:00,60,41.40314833571456
2016-05-26 05:50:00,60,52.081889600436696
2016-05-26 06:00:00,60,51.93210114665274
2016-05-26 06:10:00,70,53.36261166018895
2016-05-26 06:20:00,100,61.03671689238675
2016-05-26 06:30:00,40,83.43319612760094
2016-05-26 06:40:00,50,32.31542428174238
2016-05-26 06:50:00,50,61.87322464602305
2016-05-26 07:00:00,80,51.68733830473543
2016-05-26 07:10:00,50,74.99988615036715
2016-05-26 07:20:00,180,45.15593680423268
2016-05-26 07:30:00,90,156.50917616902777
2016-05-26 07:40:00,70,61.58009878140794
2016-05-26 07:50:00,130,71.1997347112057
2016-05-26 08:00:00,360,119.01802119418278
2016-05-26 08:10:00,160,287.43733755533344
2016-05-26 08:20:00,90,89.82656393693873
2016-05-26 08:30:00,90,92.4716434004757
2016-05-26 08:40:00,110,97.19809389874389
2016-05-26 08:50:00,130,106.236855463729
2016-05-26 09:00:00,100,111.02233096737405
2016-05-26 09:10:00,110,95.98591743172396
2016-05-26 09:20:00,90,114.47796244686415
2016-05-26 09:30:00,80,93.2285130725227
2016-05-26 09:40:00,460,88.62513103467371
2016-05-26 09:50:00,820,382.64030520298843
2016-05-26 10:00:00,350,600.090403426894
2016-05-26 10:10:00,300,197.84380532550944
2016-05-26 10:20:00,260,279.55136362561194
2016-05-26 10:30:00,290,238.99091408740483
2016-05-26 10:40:00,220,253.44706244035572
2016-05-26 10:50:00,170,175.36986488467164
2016-05-26 11:00:00,90,176.58107175863856
2016-05-26 11:10:00,80,123.99744880893448
2016-05-26 11:20:00,80,131.14894065243737
2016-05-26 11:30:00,100,125.22721216579957
2016-05-26 11:40:00,600,141.81826311422904
2016-05-26 11:50:00,510,529.5613739844185
2016-05-26 12:00:00,280,356.9968001205287
2016-05-26 12:10:00,250,229.72081845634543
2016-05-26 12:20:00,260,248.49873212045634
2016-05-26 12:30:00,250,247.63887322580675
2016-05-26 12:40:00,180,211.3543184666944
2016-05-26 12:50:00,110,163.73255128416275
2016-05-26 13:00:00,80,135.01726902054457
2016-05-26 13:10:00,70,124.09853531195073
2016-05-26 13:20:00,80,125.21238404697883
2016-05-26 13:30:00,70,124.20890863699142
2016-05-26 13:40:00,80,115.50104911207575
2016-05-26 13:50:00,70,117.3788996015385
2016-05-26 14:00:00,80,100.15545306907444
2016-05-26 14:10:00,70,105.85622794810182
2016-05-26 14:20:00,70,91.35685127873548
2016-05-26 14:30:00,70,90.33960494471154
2016-05-26 14:40:00,60,85.81341031910688
2016-05-26 14:50:00,60,83.29433846595356
2016-05-26 15:00:00,60,75.70330145530669
2016-05-26 15:10:00,60,74.88841221258751
2016-05-26 15:20:00,60,74.90644002971457
2016-05-26 15:30:00,50,73.77030315680223
2016-05-26 15:40:00,70,66.9377653384501
2016-05-26 15:50:00,70,83.40691789864604
2016-05-26 16:00:00,130,77.72886301926526
2016-05-26 16:10:00,390,125.5448819298797
2016-05-26 16:20:00,420,321.60315810109
2016-05-26 16:30:00,710,292.8062427342079
2016-05-26 16:40:00,850,532.9759819735968
2016-05-26 16:50:00,470,602.1828019438237
2016-05-26 17:00:00,360,310.03480544179746
2016-05-26 17:10:00,620,306.3286547809768
2016-05-26 17:20:00,600,515.8318520242483
2016-05-26 17:30:00,520,442.9021548491341
2016-05-26 17:40:00,290,402.577476492314
2016-05-26 17:50:00,250,259.23861323362894
2016-05-26 18:00:00,190,282.07641546947343
2016-05-26 18:10:00,120,224.011618024594
2016-05-26 18:20:00,100,177.74101645740274
2016-05-26 18:30:00,320,168.2444821157798
2016-05-26 18:40:00,270,335.2127537581291
2016-05-26 18:50:00,290,241.89288120981442
2016-05-26 19:00:00,270,274.70321565353606
2016-05-26 19:10:00,260,253.72233670942694
2016-05-26 19:20:00,310,244.7681205624579
2016-05-26 19:30:00,250,266.7686218173515
2016-05-26 19:40:00,130,206.06655117810135
2016-05-26 19:50:00,120,124.06057411153552
2016-05-26 20:00:00,100,146.8671807654046
2016-05-26 20:10:00,90,125.32858347201733
2016-05-26 20:20:00,100,110.97426434996515
2016-05-26 20:30:00,80,114.41098213348677
2016-05-26 20:40:00,90,106.25112332065106
2016-05-26 20:50:00,90,132.33318670302327
2016-05-26 21:00:00,100,105.02005599083772
2016-05-26 21:10:00,80,100.6794256435376
2016-05-26 21:20:00,60,88.04196345760376
2016-05-26 21:30:00,80,81.94538262120264
2016-05-26 21:40:00,60,95.87010142310089
2016-05-26 21:50:00,80,75.04287324447718
2016-05-26 22:00:00,70,89.4480974210498
2016-05-26 22:10:00,80,77.42509596413868
2016-05-26 22:20:00,70,89.52579824320499
2016-05-26 22:30:00,70,77.00807817943823
2016-05-26 22:40:00,60,80.71465892037783
2016-05-26 22:50:00,70,71.09963673988314
2016-05-26 23:00:00,60,76.58602293422796
2016-05-26 23:10:00,70,64.96287736022539
2016-05-26 23:20:00,60,76.12360784184858
2016-05-26 23:30:00,70,66.13649648985847
2016-05-26 23:40:00,70,76.25794943355295
2016-05-26 23:50:00,60,65.60922730213521
2016-05-27 00:00:00,60,65.83819324651954
2016-05-27 00:10:00,70,58.21987407778839
2016-05-27 00:20:00,50,73.53750673933727
2016-05-27 00:30:00,60,47.97033982918091
2016-05-27 00:40:00,60,60.02047908766657
2016-05-27 00:50:00,60,57.95627309610348
2016-05-27 01:00:00,60,53.814721476018036
2016-05-27 01:10:00,60,55.06741766999306
2016-05-27 01:20:00,50,56.16704050028447
2016-05-27 01:30:00,60,48.14037931962204
2016-05-27 01:40:00,60,57.592056536668515
2016-05-27 01:50:00,60,54.7543436566269
2016-05-27 02:00:00,40,53.19484357644954
2016-05-27 02:10:00,60,37.016381983598194
2016-05-27 02:20:00,40,56.322715330759976
2016-05-27 02:30:00,60,36.159097728244234
2016-05-27 02:40:00,50,55.93443756758891
2016-05-27 02:50:00,50,43.08678500624064
2016-05-27 03:00:00,60,45.68849981074371
2016-05-27 03:10:00,60,52.31885032351835
2016-05-27 03:20:00,60,51.64130477994977
2016-05-27 03:30:00,60,51.46151096926968
2016-05-27 03:40:00,50,52.66724305159585
2016-05-27 03:50:00,60,44.81447345699267
2016-05-27 04:00:00,60,54.56599559777139
2016-05-27 04:10:00,60,52.39962857474381
2016-05-27 04:20:00,60,53.304373436150385
2016-05-27 04:30:00,50,54.16763312352873
2016-05-27 04:40:00,60,46.76083273702165
2016-05-27 04:50:00,60,56.19400938983007
2016-05-27 05:00:00,60,54.94376335178079
2016-05-27 05:10:00,60,56.447697438639985
2016-05-27 05:20:00,60,57.008507609005
2016-05-27 05:30:00,60,57.52174933634578
2016-05-27 05:40:00,50,56.58935602786638
2016-05-27 05:50:00,60,50.05276844331122
2016-05-27 06:00:00,50,69.98504652068519
2016-05-27 06:10:00,110,49.930103949529666
2016-05-27 06:20:00,70,97.99713056701155
2016-05-27 06:30:00,50,53.83658526529655
2016-05-27 06:40:00,50,49.554907828814564
2016-05-27 06:50:00,50,50.30897425241933
2016-05-27 07:00:00,50,52.109410048496436
2016-05-27 07:10:00,60,48.53557446003551
2016-05-27 07:20:00,60,56.441180694297806
2016-05-27 07:30:00,190,55.86619467216735
2016-05-27 07:40:00,130,156.3003436489222
2016-05-27 07:50:00,180,87.09357864523874
2016-05-27 08:00:00,360,150.4160124318481
2016-05-27 08:10:00,100,266.8973267361022
2016-05-27 08:20:00,70,40.45554124705818
2016-05-27 08:30:00,80,77.85902684073642
2016-05-27 08:40:00,80,83.0319552897369
2016-05-27 08:50:00,90,77.48017795817194
2016-05-27 09:00:00,90,81.31656732970973
2016-05-27 09:10:00,60,92.17128562927083
2016-05-27 09:20:00,70,71.09228152099674
2016-05-27 09:30:00,50,84.48301486863312
2016-05-27 09:40:00,580,62.39597115217338
2016-05-27 09:50:00,660,473.4914943420925
2016-05-27 10:00:00,300,442.5599000348751
2016-05-27 10:10:00,260,187.64713078823368
2016-05-27 10:20:00,290,237.80058596197168
2016-05-27 10:30:00,240,255.36825089056404
2016-05-27 10:40:00,240,186.83154234208087
2016-05-27 10:50:00,180,196.1696242705306
2016-05-27 11:00:00,190,169.7677560496261
2016-05-27 11:10:00,70,191.64932533135084
2016-05-27 11:20:00,400,93.44730557288423
2016-05-27 11:30:00,620,375.79851548745387
2016-05-27 11:40:00,330,483.2642821929995
2016-05-27 11:50:00,250,238.55169782419978
2016-05-27 12:00:00,260,241.9121618050202
2016-05-27 12:10:00,240,252.95911757834415
2016-05-27 12:20:00,230,215.8418184282086
2016-05-27 12:30:00,220,201.070163460276
2016-05-27 12:40:00,90,207.09921954010537
2016-05-27 12:50:00,70,110.80254259524708
2016-05-27 13:00:00,370,120.39024432862864
2016-05-27 13:10:00,280,344.5107422690312
2016-05-27 13:20:00,240,221.57739205474752
2016-05-27 13:30:00,250,222.5818596529717
2016-05-27 13:40:00,220,231.55779731672646
2016-05-27 13:50:00,230,204.96405385763381
2016-05-27 14:00:00,190,214.49534664021627
2016-05-27 14:10:00,160,175.18045562786867
2016-05-27 14:20:00,80,162.421222204651
2016-05-27 14:30:00,60,102.17196920629966
2016-05-27 14:40:00,60,98.99424455141869
2016-05-27 14:50:00,60,96.71138583388058
2016-05-27 15:00:00,60,98.18566959565743
2016-05-27 15:10:00,70,93.10168734130471
2016-05-27 15:20:00,80,99.8983279104406
2016-05-27 15:30:00,80,103.85006972688448
2016-05-27 15:40:00,70,98.42253337999043
2016-05-27 15:50:00,100,88.59525052213452
2016-05-27 16:00:00,100,110.66374592240794
2016-05-27 16:10:00,90,102.76607990745221
2016-05-27 16:20:00,100,95.23270914425461
2016-05-27 16:30:00,220,106.46420280315189
2016-05-27 16:40:00,180,196.57408051700418
2016-05-27 16:50:00,120,142.18717555818216
2016-05-27 17:00:00,110,110.83075222855827
2016-05-27 17:10:00,90,116.25524703424753
2016-05-27 17:20:00,100,100.19966657383262
2016-05-27 17:30:00,90,106.38332999217116
2016-05-27 17:40:00,270,106.81064175294057
2016-05-27 17:50:00,420,250.89217524008603
2016-05-27 18:00:00,430,334.83179787836866
